City_ID,City,Country,Date,Lat,Lng,Max Temp,Humidity,Cloudiness,Wind Speed
0,Inta,RU,2021-10-24 04:42:16,66.0317,60.1659,21.65,95,49,13.47
1,Songjianghe,CN,2021-10-24 04:42:17,42.1859,127.479,51.21,36,0,4.94
2,Albany,US,2021-10-24 04:37:56,42.6001,-73.9662,46.8,81,54,1.99
3,Flin Flon,CA,2021-10-24 04:33:47,54.7682,-101.865,37.9,71,98,10.22
4,Hilo,US,2021-10-24 04:42:17,19.7297,-155.09,76.73,79,40,3.44
5,Sabha,LY,2021-10-24 04:42:18,27.0377,14.4283,73.31,25,41,13.89
6,Torbay,CA,2021-10-24 04:42:18,47.6666,-52.7314,58.75,97,90,11.5
7,Weinan,CN,2021-10-24 04:42:18,34.5036,109.5089,62.29,57,12,3.22
8,Sumbe,AO,2021-10-24 04:42:19,-11.2061,13.8437,74.75,79,99,1.54
9,College,US,2021-10-24 04:38:22,64.8569,-147.8028,33.91,85,40,3.44
10,Atuona,PF,2021-10-24 04:42:19,-9.8,-139.0333,78.15,77,19,19.64
11,Butaritari,KI,2021-10-24 04:42:20,3.0707,172.7902,81.25,70,36,4.18
12,Saint Pete Beach,US,2021-10-24 04:42:20,27.7253,-82.7412,79.0,73,100,1.01
13,Rikitea,PF,2021-10-24 04:42:20,-23.1203,-134.9692,75.02,78,100,18.19
14,Majene,ID,2021-10-24 04:42:21,-3.5403,118.9707,86.25,64,25,6.53
15,Ushuaia,AR,2021-10-24 04:42:21,-54.8,-68.3,33.46,80,90,11.5
16,Mataura,NZ,2021-10-24 04:42:21,-46.1927,168.8643,56.03,87,99,3.89
17,Bambous Virieux,MU,2021-10-24 04:42:21,-20.3428,57.7575,79.21,78,40,13.8
18,Hithadhoo,MV,2021-10-24 04:42:22,-0.6,73.0833,83.12,73,88,13.76
19,Bluff,NZ,2021-10-24 04:42:22,-46.6,168.3333,51.55,95,100,8.7
20,Qaqortoq,GL,2021-10-24 04:42:22,60.7167,-46.0333,34.3,62,25,5.66
21,Marsh Harbour,BS,2021-10-24 04:42:23,26.5412,-77.0636,80.38,74,67,12.15
22,Vardo,NO,2021-10-24 04:42:23,70.3705,31.1107,37.38,64,56,24.94
23,Vaini,TO,2021-10-24 04:42:24,-21.2,-175.2,77.16,73,20,9.22
24,Le Port,RE,2021-10-24 04:42:24,-20.9373,55.2919,80.56,89,13,7.99
25,Chuy,UY,2021-10-24 04:42:24,-33.6971,-53.4616,52.27,95,31,7.38
26,East London,ZA,2021-10-24 04:42:25,-33.0153,27.9116,60.22,61,43,13.02
27,Airai,TL,2021-10-24 04:42:25,-8.9266,125.4092,80.17,41,44,2.59
28,Hermanus,ZA,2021-10-24 04:42:25,-34.4187,19.2345,56.89,72,17,6.29
29,Klaksvik,FO,2021-10-24 04:42:25,62.2266,-6.589,47.32,93,83,13.73
30,La Asuncion,VE,2021-10-24 04:42:26,11.0333,-63.8628,79.03,82,38,15.26
31,Waddan,LY,2021-10-24 04:42:26,29.1614,16.139,76.89,24,98,10.85
32,Plettenberg Bay,ZA,2021-10-24 04:42:26,-34.0527,23.3716,56.64,72,54,4.45
33,Caucaia,BR,2021-10-24 04:42:27,-3.7361,-38.6531,84.07,77,75,9.22
34,Cape Town,ZA,2021-10-24 04:42:27,-33.9258,18.4232,57.11,73,0,3.44
35,New Norfolk,AU,2021-10-24 04:42:27,-42.7826,147.0587,55.65,52,100,4.0
36,Punta Arenas,CL,2021-10-24 04:42:23,-53.15,-70.9167,37.11,86,100,21.45
37,Nabire,ID,2021-10-24 04:42:28,-3.3667,135.4833,82.44,77,93,2.59
38,Avera,US,2021-10-24 04:42:28,33.194,-82.5271,57.7,66,2,2.98
39,Clyde River,CA,2021-10-24 04:42:28,70.4692,-68.5914,16.61,84,91,11.48
40,Jamestown,US,2021-10-24 04:42:29,42.097,-79.2353,44.19,99,90,1.01
41,Carnarvon,AU,2021-10-24 04:42:29,-24.8667,113.6333,77.07,65,0,16.11
42,Hami,CN,2021-10-24 04:42:29,42.8,93.45,51.24,38,100,5.88
43,Dudinka,RU,2021-10-24 04:33:49,69.4058,86.1778,24.73,93,100,9.44
44,Mammaste,EE,2021-10-24 04:42:30,58.068,27.0474,33.69,91,58,7.78
45,Shache,CN,2021-10-24 04:42:30,38.4167,77.2406,56.14,20,14,4.18
46,Namatanai,PG,2021-10-24 04:42:31,-3.6667,152.4333,84.34,71,58,8.16
47,Lorengau,PG,2021-10-24 04:42:31,-2.0226,147.2712,84.49,72,99,9.13
48,Hobart,AU,2021-10-24 04:42:31,-42.8794,147.3294,56.01,59,75,16.11
49,Georgetown,MY,2021-10-24 04:42:32,5.4112,100.3354,84.15,82,40,3.0
50,Bredasdorp,ZA,2021-10-24 04:42:32,-34.5322,20.0403,56.93,60,80,1.43
51,Snezhnogorsk,RU,2021-10-24 04:42:32,69.1933,33.2531,20.98,87,46,19.15
52,Mananara,MG,2021-10-24 04:42:33,-16.1667,49.7667,80.51,78,56,2.35
53,Te Anau,NZ,2021-10-24 04:42:33,-45.4167,167.7167,54.48,94,100,0.74
54,Nanortalik,GL,2021-10-24 04:42:33,60.1432,-45.2371,35.04,66,23,22.21
55,Lingao,CN,2021-10-24 04:42:34,19.9103,109.6859,73.96,74,85,9.71
56,Sambava,MG,2021-10-24 04:42:34,-14.2667,50.1667,79.77,78,84,4.59
57,Sai Buri,TH,2021-10-24 04:42:34,6.7013,101.6168,85.71,68,82,6.13
58,Barrow,US,2021-10-24 04:41:52,71.2906,-156.7887,30.22,80,90,11.5
59,Abbeville,FR,2021-10-24 04:42:35,50.1,1.8333,40.96,87,6,7.99
60,Guerrero Negro,MX,2021-10-24 04:42:35,27.9769,-114.0611,65.97,77,19,20.31
61,Zagare,LT,2021-10-24 04:42:35,56.3592,23.25,34.56,89,45,7.27
62,Port Alfred,ZA,2021-10-24 04:42:36,-33.5906,26.891,59.18,64,50,13.47
63,Qaanaaq,GL,2021-10-24 04:42:36,77.484,-69.3632,-2.63,59,0,7.43
64,Bemidji,US,2021-10-24 04:42:36,47.4736,-94.8803,35.89,94,1,0.0
65,Bambanglipuro,ID,2021-10-24 04:42:37,-7.95,110.2833,86.25,64,29,11.5
66,Richards Bay,ZA,2021-10-24 04:42:37,-28.783,32.0377,65.59,78,100,15.79
67,Bengkulu,ID,2021-10-24 04:42:37,-3.8004,102.2655,78.6,83,99,1.92
68,Cabo San Lucas,MX,2021-10-24 04:42:38,22.8909,-109.9124,77.61,82,4,10.98
69,Pacifica,US,2021-10-24 04:42:38,37.6138,-122.4869,61.79,88,90,4.0
70,Alugan,PH,2021-10-24 04:42:38,12.2188,125.4808,81.72,83,100,4.0
71,Rio Gallegos,AR,2021-10-24 04:41:34,-51.6226,-69.2181,39.25,56,90,13.8
72,Saint-Philippe,RE,2021-10-24 04:42:39,-21.3585,55.7679,80.15,79,41,13.2
73,Ngunguru,NZ,2021-10-24 04:42:39,-35.6167,174.5,65.16,97,99,12.55
74,Nikolskoye,RU,2021-10-24 04:42:39,59.7035,30.7861,33.87,90,70,7.72
75,Urumqi,CN,2021-10-24 04:42:40,43.801,87.6005,41.95,65,0,4.47
76,Ilulissat,GL,2021-10-24 04:42:40,69.2167,-51.1,23.02,74,75,13.8
77,Curaca,BR,2021-10-24 04:42:40,-8.9903,-39.9094,81.0,64,86,9.71
78,Kualakapuas,ID,2021-10-24 04:42:41,-3.0091,114.3876,91.56,44,37,2.98
79,Ribeira Grande,PT,2021-10-24 04:42:41,38.5167,-28.7,67.33,58,64,10.18
80,Grindavik,IS,2021-10-24 04:42:41,63.8424,-22.4338,45.07,93,75,12.66
81,Meulaboh,ID,2021-10-24 04:33:18,4.1363,96.1285,84.33,69,79,4.21
82,Kemin,KG,2021-10-24 04:42:42,42.7846,75.6892,53.13,30,0,10.11
83,Hervey Bay,AU,2021-10-24 04:42:42,-25.2986,152.8535,88.03,78,93,17.29
84,Kavaratti,IN,2021-10-24 04:42:42,10.5669,72.642,81.3,75,83,3.91
85,Dikson,RU,2021-10-24 04:42:43,73.5069,80.5464,8.11,86,100,16.75
86,Palmital,BR,2021-10-24 04:42:43,-22.7889,-50.2175,63.95,94,100,15.97
87,Alofi,NU,2021-10-24 04:42:43,-19.0595,-169.9187,75.09,60,96,16.11
88,Asau,RO,2021-10-24 04:42:44,46.4333,26.4,40.75,79,80,2.35
89,Sorland,NO,2021-10-24 04:42:44,67.667,12.6934,40.42,92,100,18.63
90,Kisangani,CD,2021-10-24 04:33:46,0.5167,25.2,71.44,98,69,0.81
91,Baykit,RU,2021-10-24 04:42:44,61.67,96.37,36.73,97,100,8.97
92,Puerto Ayora,EC,2021-10-24 04:42:45,-0.7393,-90.3518,68.63,89,70,7.54
93,Mahebourg,MU,2021-10-24 04:42:45,-20.4081,57.7,79.25,78,40,13.8
94,Wonthaggi,AU,2021-10-24 04:42:45,-38.6044,145.5913,59.05,63,93,16.62
95,Bossier City,US,2021-10-24 04:42:46,32.516,-93.7321,75.38,79,1,9.22
96,Saskylakh,RU,2021-10-24 04:42:46,71.9167,114.0833,6.3,93,100,13.0
97,Severo-Kurilsk,RU,2021-10-24 04:42:46,50.6789,156.125,40.71,74,80,11.18
98,Wajima,JP,2021-10-24 04:42:47,37.4,136.9,63.28,55,75,6.91
99,Pouebo,NC,2021-10-24 04:42:47,-20.4,164.5667,76.6,69,40,5.82
100,Busselton,AU,2021-10-24 04:42:47,-33.65,115.3333,75.09,60,100,8.52
101,Fairbanks,US,2021-10-24 04:40:02,64.8378,-147.7164,33.93,85,1,0.0
102,Omsukchan,RU,2021-10-24 04:42:48,62.5333,155.8,-0.78,96,29,2.26
103,Wasilla,US,2021-10-24 04:42:29,61.5814,-149.4394,44.94,66,1,3.0
104,Buraydah,SA,2021-10-24 04:42:48,26.326,43.975,66.65,20,0,6.15
105,Shelburne,CA,2021-10-24 04:42:48,44.0787,-80.2041,42.69,89,57,5.5
106,Tuktoyaktuk,CA,2021-10-24 04:42:49,69.4541,-133.0374,26.6,100,90,5.75
107,Hamilton,US,2021-10-24 04:42:49,39.1834,-84.5333,55.4,93,90,0.0
108,Tiznit,MA,2021-10-24 04:42:49,29.5833,-9.5,61.52,59,29,1.79
109,Hay River,CA,2021-10-24 04:42:50,60.8156,-115.7999,39.18,93,75,8.05
110,Katherine,AU,2021-10-24 04:33:00,-14.4667,132.2667,97.12,32,40,6.91
111,Margate,GB,2021-10-24 04:42:50,51.3813,1.3862,54.91,76,29,5.99
112,Ponta Do Sol,PT,2021-10-24 04:42:51,32.6667,-17.1,70.43,65,19,6.4
113,Port Elizabeth,ZA,2021-10-24 04:42:51,-33.918,25.5701,57.49,67,75,13.8
114,Freeport,US,2021-10-24 04:41:28,40.6576,-73.5832,54.97,75,1,3.44
115,Matara,LK,2021-10-24 04:42:52,5.9485,80.5353,86.38,61,59,13.04
116,Tessalit,ML,2021-10-24 04:42:52,20.1986,1.0114,79.72,25,35,9.82
117,Palmer,US,2021-10-24 04:42:52,42.1584,-72.3287,49.44,84,40,0.0
118,Victoria,HK,2021-10-24 04:40:51,22.2855,114.1577,78.04,64,9,1.01
119,Kropotkin,RU,2021-10-24 04:37:53,45.4375,40.5756,54.5,94,100,1.9
120,Thompson,CA,2021-10-24 04:42:53,55.7435,-97.8558,26.76,93,1,3.44
121,Mar Del Plata,AR,2021-10-24 04:39:11,-38.0023,-57.5575,47.88,80,0,3.0
122,Pangnirtung,CA,2021-10-24 04:42:53,66.1451,-65.7125,22.73,84,99,5.95
123,Broome,US,2021-10-24 04:42:53,42.2506,-75.833,42.55,87,90,0.0
124,Geraldton,AU,2021-10-24 04:42:54,-28.7667,114.6,79.21,44,0,12.66
125,Yellowknife,CA,2021-10-24 04:42:54,62.456,-114.3525,40.41,90,90,14.97
126,Bodri,IN,2021-10-24 04:42:54,23.1667,81.4333,79.02,48,1,3.94
127,Songea,TZ,2021-10-24 04:42:55,-10.6833,35.65,65.55,72,1,0.0
128,Galle,LK,2021-10-24 04:42:55,6.0367,80.217,83.93,68,58,13.27
129,Chernihiv,UA,2021-10-24 04:42:55,51.0,32.0,42.4,76,100,11.52
130,Tasiilaq,GL,2021-10-24 04:42:56,65.6145,-37.6368,32.16,97,100,6.02
131,Khatanga,RU,2021-10-24 04:42:56,71.9667,102.5,5.97,91,94,16.62
132,Atar,MR,2021-10-24 04:42:56,20.5169,-13.0499,76.84,21,17,8.14
133,Aldan,RU,2021-10-24 04:42:57,58.6031,125.3894,34.48,94,100,7.31
134,Narsaq,GL,2021-10-24 04:42:57,60.9167,-46.05,34.02,52,31,3.38
135,Faya,SA,2021-10-24 04:42:57,18.3851,42.4509,55.51,23,6,4.12
136,Noumea,NC,2021-10-24 04:42:58,-22.2763,166.4572,76.98,69,12,15.14
137,Flers,FR,2021-10-24 04:42:58,48.7372,-0.5747,34.05,89,14,4.74
138,Luderitz,NA,2021-10-24 04:42:58,-26.6481,15.1594,58.15,62,0,11.5
139,San Cristobal,VE,2021-10-24 04:33:27,7.7669,-72.225,69.98,98,99,1.9
140,Bethel,US,2021-10-24 04:42:59,41.3712,-73.414,51.82,87,20,0.0
141,Sri Aman,MY,2021-10-24 04:42:59,1.2376,111.4621,87.85,70,40,3.44
142,Hualmay,PE,2021-10-24 04:43:00,-11.0964,-77.6139,62.37,85,37,9.55
143,Lavrentiya,RU,2021-10-24 04:43:00,65.5833,-171.0,23.23,83,100,10.09
144,Viedma,AR,2021-10-24 04:43:00,-40.8135,-62.9967,46.31,28,1,9.82
145,Oktyabrskiy,RU,2021-10-24 04:33:31,54.4815,53.471,42.98,93,100,5.3
146,Iquique,CL,2021-10-24 04:43:01,-20.2208,-70.1431,59.04,82,17,3.91
147,Puerto Leguizamo,CO,2021-10-24 04:43:01,-0.1934,-74.7819,75.04,87,73,2.75
148,Veraval,IN,2021-10-24 04:43:01,20.9,70.3667,83.23,57,20,8.05
149,Upernavik,GL,2021-10-24 04:43:02,72.7868,-56.1549,20.82,90,100,16.84
150,Kodiak,US,2021-10-24 04:43:02,57.79,-152.4072,42.51,92,99,21.85
151,Roald,NO,2021-10-24 04:43:03,62.5833,6.1333,53.74,62,90,19.57
152,Lithakia,GR,2021-10-24 04:43:03,37.7167,20.8333,63.68,94,75,0.0
153,Bathsheba,BB,2021-10-24 04:43:03,13.2167,-59.5167,83.01,69,75,21.85
154,Cidreira,BR,2021-10-24 04:43:04,-30.1811,-50.2056,63.09,94,99,14.12
155,Cayenne,GF,2021-10-24 04:38:16,4.9333,-52.3333,80.1,88,20,1.01
156,Amboasary,MG,2021-10-24 04:33:42,-25.0333,46.3833,73.24,53,0,3.42
157,Sistranda,NO,2021-10-24 04:43:04,63.7256,8.834,41.9,80,100,14.45
158,Aduturai,IN,2021-10-24 04:43:05,11.0147,79.4791,89.06,57,47,2.95
159,Ostrovnoy,RU,2021-10-24 04:43:05,68.0531,39.5131,24.71,90,59,17.81
160,Lazaro Cardenas,MX,2021-10-24 04:43:06,17.9583,-102.2,76.24,88,100,5.46
161,Rudbar,AF,2021-10-24 04:43:06,30.15,62.6,62.55,18,0,3.98
162,Souillac,MU,2021-10-24 04:43:06,-20.5167,57.5167,79.36,78,40,13.8
163,Aksu,CN,2021-10-24 04:39:14,41.1231,80.2644,55.56,24,4,3.65
164,San Patricio,US,2021-10-24 04:43:07,28.017,-97.5169,80.46,75,3,7.78
165,Kapaa,US,2021-10-24 04:43:07,22.0752,-159.319,82.38,82,75,1.99
166,Ludvika,SE,2021-10-24 04:43:08,60.1496,15.1878,41.04,92,100,8.9
167,Yefremov,RU,2021-10-24 04:43:08,53.1481,38.0992,40.15,74,100,14.9
168,Kieta,PG,2021-10-24 04:43:08,-6.2167,155.6333,83.43,75,20,5.28
169,Monte Patria,CL,2021-10-24 04:43:09,-30.6919,-70.9467,61.77,43,0,0.02
170,Esperance,AU,2021-10-24 04:43:09,-33.8667,121.9,80.44,39,15,7.81
171,Lompoc,US,2021-10-24 04:43:10,34.6391,-120.4579,59.56,87,1,3.44
172,Broken Hill,AU,2021-10-24 04:43:10,-31.95,141.4333,69.51,23,0,12.66
173,Kalispell,US,2021-10-24 04:43:10,48.1958,-114.3129,46.44,74,90,4.0
174,Haysville,US,2021-10-24 04:43:11,37.5645,-97.3523,74.82,74,20,7.0
175,Provideniya,RU,2021-10-24 04:43:11,64.3833,-173.3,23.2,79,100,8.81
176,Jos,NG,2021-10-24 04:43:11,9.9167,8.9,65.12,82,51,0.43
177,Yining,CN,2021-10-24 04:43:12,29.0361,114.5636,69.44,50,24,3.11
178,Isangel,VU,2021-10-24 04:43:12,-19.55,169.2667,80.71,78,75,13.8
179,Pimentel,PE,2021-10-24 04:43:12,-6.8367,-79.9342,63.05,88,62,11.45
180,Kiama,AU,2021-10-24 04:34:02,-34.6833,150.8667,72.0,56,29,9.26
181,Komsomolskiy,UZ,2021-10-24 04:43:13,40.4272,71.7189,50.72,40,0,4.61
182,Talnakh,RU,2021-10-24 04:43:13,69.4865,88.3972,22.91,90,100,4.97
183,Sitka,US,2021-10-24 04:43:13,57.0531,-135.33,44.49,81,90,5.75
184,Alto Araguaia,BR,2021-10-24 04:43:14,-17.3147,-53.2153,75.02,68,18,9.19
185,Cherskiy,RU,2021-10-24 04:43:14,68.75,161.3,-9.9,100,80,4.97
186,Katsuura,JP,2021-10-24 04:43:14,35.1333,140.3,64.51,52,36,6.08
187,Urdoma,RU,2021-10-24 04:43:15,61.7533,48.5442,30.38,84,100,6.04
188,Ternate,ID,2021-10-24 04:43:15,0.8,127.4,84.31,70,98,4.36
189,Dali,CN,2021-10-24 04:43:16,25.7,100.1833,68.27,57,48,1.83
190,Kruisfontein,ZA,2021-10-24 04:43:16,-34.0033,24.7314,55.4,68,7,9.69
191,Chingola,ZM,2021-10-24 04:43:16,-12.529,27.8838,77.07,34,77,6.42
192,Ancud,CL,2021-10-24 04:43:17,-41.8697,-73.8203,49.42,81,89,12.73
193,Kemlya,RU,2021-10-24 04:43:17,54.6963,45.2424,36.59,89,11,10.36
194,Norton,ZW,2021-10-24 04:43:17,-17.8833,30.7,72.28,33,22,11.68
195,Sur,OM,2021-10-24 04:43:18,22.5667,59.5289,86.65,48,1,5.12
196,Stornoway,GB,2021-10-24 04:43:18,58.2093,-6.3865,53.56,94,20,13.8
197,Caxias Do Sul,BR,2021-10-24 04:43:18,-29.1681,-51.1794,55.33,95,100,4.03
198,Vieques,PR,2021-10-24 04:43:19,18.425,-65.8329,80.91,74,20,0.0
199,Sibolga,ID,2021-10-24 04:43:19,1.7427,98.7792,81.97,75,98,2.42
200,Kachug,RU,2021-10-24 04:43:20,53.9606,105.8817,43.41,69,84,2.82
201,San Juan,AR,2021-10-24 04:38:48,-31.5375,-68.5364,63.45,26,0,5.5
202,Shiyan,CN,2021-10-24 04:43:20,32.6475,110.7781,64.83,51,3,3.02
203,Mahibadhoo,MV,2021-10-24 04:43:21,3.7833,72.9667,83.23,71,74,13.35
204,Stokmarknes,NO,2021-10-24 04:43:21,68.5646,14.9108,36.5,80,100,7.81
205,Port Lincoln,AU,2021-10-24 04:43:21,-34.7333,135.8667,60.96,57,8,11.3
206,Eyl,SO,2021-10-24 04:43:22,7.9803,49.8164,80.82,65,19,7.56
207,Mhlume,SZ,2021-10-24 04:43:22,-26.0333,31.85,69.87,64,55,15.03
208,Monforte De Lemos,ES,2021-10-24 04:43:22,42.5216,-7.5142,47.57,79,0,1.97
209,Ola,RU,2021-10-24 04:43:23,59.5833,151.2833,28.2,58,99,9.26
210,Cap Malheureux,MU,2021-10-24 04:43:23,-19.9842,57.6142,79.47,67,73,10.0
211,Vrbove,SK,2021-10-24 04:43:23,48.6197,17.7226,38.37,100,0,4.61
212,Hanzhong,CN,2021-10-24 04:43:24,33.0728,107.0303,63.79,63,11,1.45
213,Lysva,RU,2021-10-24 04:43:24,58.1086,57.8053,38.57,91,98,4.92
214,Baruun-Urt,MN,2021-10-24 04:34:40,46.6806,113.2792,48.34,25,3,12.75
215,Saldanha,ZA,2021-10-24 04:43:24,-33.0117,17.9442,48.25,71,0,9.42
216,Hasaki,JP,2021-10-24 04:43:25,35.7333,140.8333,68.29,44,15,4.47
217,Havelock,US,2021-10-24 04:43:25,34.8791,-76.9013,65.93,92,0,2.86
218,Kargil,IN,2021-10-24 04:43:25,34.5667,76.1,24.49,82,99,0.6
219,Araouane,ML,2021-10-24 04:43:26,18.9048,-3.5265,80.98,24,22,8.84
220,Tura,IN,2021-10-24 04:43:26,25.5198,90.2201,80.19,56,12,2.1
221,Liku,ID,2021-10-24 04:43:26,-0.7275,119.8922,85.03,72,73,3.94
222,Lucapa,AO,2021-10-24 04:43:27,-8.4192,20.7447,66.51,88,97,2.71
223,Constitucion,CL,2021-10-24 04:43:27,-35.3333,-72.4167,49.86,84,1,10.04
224,Abu Kamal,SY,2021-10-24 04:43:27,34.4506,40.9171,69.53,32,1,5.82
225,Miramar,US,2021-10-24 04:42:56,25.9873,-80.2323,82.42,84,75,9.22
226,Fukue,JP,2021-10-24 04:43:28,32.6881,128.8419,66.56,48,75,10.36
227,Mvangue,CM,2021-10-24 04:43:28,2.9667,11.5167,66.83,99,100,1.81
228,West Wendover,US,2021-10-24 04:43:29,40.7391,-114.0733,45.61,76,90,0.0
229,Kaitangata,NZ,2021-10-24 04:43:29,-46.2817,169.8464,53.1,85,87,5.03
230,Acarau,BR,2021-10-24 04:43:29,-2.8856,-40.12,78.91,81,94,11.59
231,Les Trois-Ilets,MQ,2021-10-24 04:43:30,14.539,-61.0361,80.51,78,40,12.66
232,Ettaiyapuram,IN,2021-10-24 04:43:30,9.1441,77.9907,89.26,57,48,3.56
233,Kaduna,NG,2021-10-24 04:43:30,10.5222,7.4383,67.42,93,60,3.09
234,Pontianak,ID,2021-10-24 04:42:55,-0.0333,109.3333,89.58,62,20,4.61
235,Kutum,SD,2021-10-24 04:43:31,14.2,24.6667,70.99,28,33,10.31
236,Muriwai Beach,NZ,2021-10-24 04:43:31,-36.8167,174.45,60.35,96,100,14.05
237,Berlevag,NO,2021-10-24 04:43:31,70.8578,29.0864,36.48,65,78,20.74
238,Bitkine,TD,2021-10-24 04:43:32,11.9801,18.2138,78.62,47,7,5.68
239,Russell,US,2021-10-24 04:43:32,32.3502,-85.1999,56.8,64,54,3.2
240,Verkhnyaya Inta,RU,2021-10-24 04:43:32,65.9811,60.3094,21.69,95,62,13.96
241,Yulara,AU,2021-10-24 04:43:33,-25.2406,130.9889,82.24,18,41,18.41
242,Touros,BR,2021-10-24 04:43:33,-5.1989,-35.4608,79.7,76,67,12.64
243,Arai,JP,2021-10-24 04:43:33,37.0167,138.25,65.62,54,25,6.15
244,Villanueva,HN,2021-10-24 04:43:34,15.3167,-88.0,81.59,78,40,2.3
245,Aripuana,BR,2021-10-24 04:43:03,-9.1667,-60.6333,76.41,77,48,2.98
246,Chokurdakh,RU,2021-10-24 04:43:34,70.6333,147.9167,-2.72,98,98,4.29
247,Barcelos,PT,2021-10-24 04:42:16,41.5388,-8.6151,54.91,78,0,3.22
248,Codrington,AU,2021-10-24 04:43:34,-38.2667,141.9667,53.51,62,92,14.79
249,Prainha,BR,2021-10-24 04:43:35,-1.8,-53.48,77.9,80,76,0.94
250,Sao Filipe,CV,2021-10-24 04:43:35,14.8961,-24.4956,78.33,67,13,11.01
251,Kalmunai,LK,2021-10-24 04:43:36,7.4167,81.8167,85.95,63,72,2.48
252,Norman Wells,CA,2021-10-24 04:43:36,65.282,-126.8329,28.44,86,20,2.3
253,Brokopondo,SR,2021-10-24 04:43:36,4.75,-55.1667,75.92,91,100,5.41
254,Correntina,BR,2021-10-24 04:43:37,-13.3433,-44.6367,72.95,80,90,2.55
255,Kibre Mengist,ET,2021-10-24 04:43:37,5.8833,38.9833,63.61,72,3,3.38
256,Morales,CO,2021-10-24 04:43:37,2.757,-76.6172,59.47,98,95,1.66
257,Arraial Do Cabo,BR,2021-10-24 04:43:21,-22.9661,-42.0278,71.11,91,34,28.79
258,Bara,NG,2021-10-24 04:43:38,10.3744,10.7288,73.24,88,82,4.5
259,Pangkalanbuun,ID,2021-10-24 04:43:38,-2.6833,111.6167,94.75,45,35,2.91
260,Macae,BR,2021-10-24 04:43:38,-22.3708,-41.7869,74.95,88,90,11.5
261,Vao,NC,2021-10-24 04:43:39,-22.6667,167.4833,72.23,75,12,14.58
262,Mangrol,IN,2021-10-24 04:43:39,21.1167,70.1167,83.37,56,49,9.71
263,Akdepe,TM,2021-10-24 04:43:39,42.0551,59.3788,48.29,26,1,13.49
264,Hwange,ZW,2021-10-24 04:43:40,-18.3693,26.5019,79.7,42,37,0.94
265,Vorontsovka,RU,2021-10-24 04:43:40,50.6132,40.3549,38.79,77,16,6.49
266,Vanino,RU,2021-10-24 04:43:40,49.0869,140.2543,52.5,59,0,5.39
267,Marsa Matruh,EG,2021-10-24 04:43:41,31.3525,27.2453,62.8,77,20,4.61
268,Thinadhoo,MV,2021-10-24 04:43:41,0.5333,72.9333,83.44,71,59,13.42
269,Abu Zabad,SD,2021-10-24 04:43:41,12.35,29.25,82.9,28,69,10.02
270,Chirongui,YT,2021-10-24 04:43:42,-12.9319,45.1483,82.33,81,74,12.37
271,Rorvik,NO,2021-10-24 04:43:42,64.8621,11.2373,41.2,83,100,24.99
272,Maun,BW,2021-10-24 04:43:42,-19.9833,23.4167,55.36,41,0,9.22
273,Makakilo City,US,2021-10-24 04:43:43,21.3469,-158.0858,79.12,60,1,8.05
274,Agadir,MA,2021-10-24 04:43:35,30.4202,-9.5982,55.85,81,45,2.21
275,Walvis Bay,NA,2021-10-24 04:34:28,-22.9575,14.5053,58.08,94,3,6.91
276,Meadow Lake,US,2021-10-24 04:43:43,34.8014,-106.5436,63.88,25,95,7.72
277,Ballina,AU,2021-10-24 04:43:44,-28.8667,153.5667,87.98,71,86,14.97
278,Naifaru,MV,2021-10-24 04:43:44,5.4444,73.3657,82.63,71,100,11.95
279,Camacha,PT,2021-10-24 04:43:44,33.0833,-16.3333,67.42,56,75,10.36
280,Khatra,IN,2021-10-24 04:43:44,22.9833,86.85,83.05,55,9,3.74
281,Tulun,RU,2021-10-24 04:43:45,54.5611,100.5792,44.44,51,95,5.32
282,Kulevcha,UA,2021-10-24 04:43:45,46.0303,29.9361,45.99,51,82,11.65
283,Vilhena,BR,2021-10-24 04:43:46,-12.7406,-60.1458,73.94,73,48,5.19
284,Mayo,US,2021-10-24 04:43:46,38.8876,-76.5119,57.22,85,1,4.0
285,Talcahuano,CL,2021-10-24 04:43:46,-36.7167,-73.1167,51.48,87,0,10.36
286,Pisco,PE,2021-10-24 04:43:47,-13.7,-76.2167,61.02,82,30,11.5
287,Shimoda,JP,2021-10-24 04:43:47,34.6667,138.95,64.76,62,97,8.5
288,Faanui,PF,2021-10-24 04:43:47,-16.4833,-151.75,76.57,85,89,13.89
289,Malindi,KE,2021-10-24 04:43:48,-3.2175,40.1191,79.39,70,77,5.61
290,Taperoa,BR,2021-10-24 04:43:48,-7.2075,-36.8267,73.54,81,71,10.87
291,Oranjemund,NA,2021-10-24 04:43:48,-28.55,16.4333,56.86,72,0,10.22
292,Sapucaia,BR,2021-10-24 04:43:49,-29.8333,-51.15,62.71,91,90,3.0
293,North Platte,US,2021-10-24 04:40:40,41.1239,-100.7654,49.89,86,90,1.99
294,Killybegs,IE,2021-10-24 04:33:52,54.6333,-8.45,53.62,89,85,13.6
295,Kostomuksha,RU,2021-10-24 04:43:49,64.571,30.5767,17.96,93,30,4.68
296,Half Moon Bay,US,2021-10-24 04:43:50,37.4636,-122.4286,61.99,85,90,4.0
297,Porto Novo,BJ,2021-10-24 04:43:50,6.4965,2.6036,78.62,94,99,2.73
298,Killam,CA,2021-10-24 04:43:50,52.7834,-111.8518,40.95,93,100,5.75
299,Laurel,US,2021-10-24 04:43:50,39.0993,-76.8483,55.62,89,40,1.01
300,General Bravo,MX,2021-10-24 04:43:51,25.8,-99.1667,77.43,81,14,16.4
301,Karasjok,NO,2021-10-24 04:43:51,69.4719,25.5112,23.11,93,42,3.85
302,Ambilobe,MG,2021-10-24 04:43:51,-13.2,49.05,87.06,53,95,6.96
303,Krasnyy Luch,UA,2021-10-24 04:43:52,48.1395,38.9371,43.12,61,56,4.45
304,Somerset,US,2021-10-24 04:43:52,40.5668,-74.5496,53.11,92,1,1.01
305,Avarua,CK,2021-10-24 04:43:52,-21.2078,-159.775,71.65,64,75,4.61
306,Castro,BR,2021-10-24 04:43:53,-24.7911,-50.0119,59.13,96,100,10.56
307,Lezhe,AL,2021-10-24 04:43:53,41.7836,19.6436,59.32,78,100,11.23
308,Portland,US,2021-10-24 04:43:52,45.5234,-122.6762,54.36,95,40,10.36
309,Grand Gaube,MU,2021-10-24 04:43:53,-20.0064,57.6608,79.38,67,79,10.0
310,Hearst,CA,2021-10-24 04:43:54,49.6835,-83.6665,32.25,95,100,3.58
311,Moate,IE,2021-10-24 04:43:54,53.55,-7.7167,52.12,95,53,9.13
312,Juneau,US,2021-10-24 04:34:39,58.3019,-134.4197,46.22,95,88,5.1
313,Kununurra,AU,2021-10-24 04:43:54,-15.7667,128.7333,98.58,41,40,6.91
314,Dakar,SN,2021-10-24 04:43:55,14.6937,-17.4441,80.73,69,75,9.22
315,Biak,ID,2021-10-24 04:43:55,-0.9131,122.8766,84.83,59,48,3.42
316,Berbera,SO,2021-10-24 04:43:55,10.4396,45.0143,83.66,55,6,3.44
317,Kondoa,TZ,2021-10-24 04:43:56,-4.9,35.7833,69.03,48,72,7.49
318,Olinda,BR,2021-10-24 04:43:56,-8.0089,-34.8553,80.33,74,75,8.05
319,San Quintin,MX,2021-10-24 04:43:57,30.4833,-115.95,59.43,78,4,15.82
320,Atasu,KZ,2021-10-24 04:43:57,48.6814,71.6433,45.82,37,0,12.48
321,Pevek,RU,2021-10-24 04:43:57,69.7008,170.3133,8.55,92,100,4.21
322,San Rafael,AR,2021-10-24 04:43:37,-34.6177,-68.3301,56.46,26,0,3.33
323,Longyearbyen,SJ,2021-10-24 04:41:32,78.2186,15.6401,15.64,86,0,6.91
324,Brae,GB,2021-10-24 04:43:58,60.3964,-1.353,53.51,96,100,17.27
325,Husavik,IS,2021-10-24 04:43:58,66.0449,-17.3389,28.31,96,100,4.14
326,Necochea,AR,2021-10-24 04:43:59,-38.5473,-58.7368,38.03,73,0,8.61
327,Minot,US,2021-10-24 04:43:12,48.2325,-101.2963,43.79,65,90,11.5
328,Amberley,US,2021-10-24 04:43:59,39.2048,-84.428,54.72,92,90,0.0
329,Nantucket,US,2021-10-24 04:41:03,41.2835,-70.0995,55.51,66,40,10.36
330,Iqaluit,CA,2021-10-24 04:43:59,63.7506,-68.5145,29.93,86,90,15.01
331,Taybad,IR,2021-10-24 04:44:00,34.74,60.7756,55.69,18,0,2.93
332,Padang,ID,2021-10-24 04:44:00,-0.9492,100.3543,84.25,80,83,6.67
333,Mokhsogollokh,RU,2021-10-24 04:44:00,61.4681,128.9203,34.66,97,100,10.36
334,Atambua,ID,2021-10-24 04:44:01,-9.1061,124.8925,87.46,55,30,5.3
335,Inhambane,MZ,2021-10-24 04:44:01,-23.865,35.3833,75.18,88,75,11.5
336,Terekli-Mekteb,RU,2021-10-24 04:44:01,44.1671,45.8698,54.9,55,20,6.71
337,Diego De Almagro,CL,2021-10-24 04:44:02,-26.3667,-70.05,52.36,60,0,1.41
338,Pleasanton,US,2021-10-24 04:44:02,37.6624,-121.8747,61.39,85,90,5.75
339,Sarangani,PH,2021-10-24 04:44:03,5.4033,125.4636,83.97,72,100,11.5
340,San Francisco,US,2021-10-24 04:41:56,37.7749,-122.4194,62.04,89,90,1.99
341,Fereydun Kenar,IR,2021-10-24 04:44:03,36.6864,52.5225,57.51,62,42,5.44
342,Impfondo,CG,2021-10-24 04:44:04,1.6381,18.0667,70.38,98,64,2.15
343,Lebu,CL,2021-10-24 04:44:04,-37.6167,-73.65,48.29,93,14,4.99
344,Wajir,KE,2021-10-24 04:44:04,1.7471,40.0573,79.3,61,33,12.12
345,Elko,US,2021-10-24 04:44:05,41.0002,-115.5012,41.02,84,97,4.0
346,Hambantota,LK,2021-10-24 04:44:05,6.1241,81.1185,88.14,70,20,11.5
347,Beberibe,BR,2021-10-24 04:44:05,-4.1797,-38.1306,84.16,78,63,10.2
348,Ahar,IR,2021-10-24 04:44:06,38.4774,47.0699,52.41,52,0,0.07
349,Yeniseysk,RU,2021-10-24 04:44:06,58.4497,92.1703,41.2,95,100,13.06
350,Camargo,MX,2021-10-24 04:44:06,27.6667,-105.1667,69.55,27,0,8.81
351,Villazon,BO,2021-10-24 04:44:07,-22.0866,-65.5942,44.76,20,0,2.04
352,Pudozh,RU,2021-10-24 04:44:07,61.8099,36.5345,31.5,86,100,6.46
353,Abaza,RU,2021-10-24 04:44:07,52.655,90.0928,48.96,57,97,9.17
354,Namibe,AO,2021-10-24 04:44:08,-15.1961,12.1522,64.02,74,62,4.72
355,Aklavik,CA,2021-10-24 04:42:20,68.2191,-135.0107,29.23,95,87,4.74
356,Gasa,PS,2021-10-24 04:44:08,31.5,34.4667,66.9,61,0,2.59
357,Tuatapere,NZ,2021-10-24 04:44:09,-46.1333,167.6833,53.85,97,100,1.81
358,Vitim,RU,2021-10-24 04:44:09,59.4511,112.5578,37.69,75,100,12.68
359,Fernley,US,2021-10-24 04:44:09,39.608,-119.2518,53.71,65,100,6.02
360,Jinhua,CN,2021-10-24 04:44:09,29.1078,119.6547,58.05,89,100,1.3
361,Esperantinopolis,BR,2021-10-24 04:44:10,-4.8667,-44.7083,75.06,91,76,2.64
362,Laguna,US,2021-10-24 04:44:10,38.421,-121.4238,61.05,83,90,1.01
363,Port Blair,IN,2021-10-24 04:44:11,11.6667,92.75,86.04,89,40,6.91
364,Mandera,KE,2021-10-24 04:44:11,3.9366,41.867,81.73,66,9,7.99
365,Port Augusta,AU,2021-10-24 04:44:11,-32.5,137.7667,76.71,26,0,15.03
366,Blagoyevo,RU,2021-10-24 04:44:12,63.3667,47.9167,24.98,89,100,3.62
367,Jimo,CN,2021-10-24 04:44:12,36.3897,120.4622,64.18,48,80,6.71
368,Ojinaga,MX,2021-10-24 04:44:12,29.5667,-104.4167,74.57,28,1,8.05
369,The Valley,AI,2021-10-24 04:44:13,18.217,-63.0578,82.26,74,73,19.35
370,Soure,BR,2021-10-24 04:44:13,-0.7167,-48.5233,80.4,82,100,8.97
371,Gigmoto,PH,2021-10-24 04:44:13,13.7796,124.39,78.84,87,100,8.77
372,Nakhon Phanom,TH,2021-10-24 04:44:14,17.3333,104.4167,82.2,59,99,6.69
373,Port Hedland,AU,2021-10-24 04:44:14,-20.3167,118.5667,95.05,20,17,14.97
374,Yenagoa,NG,2021-10-24 04:34:31,4.9247,6.2642,72.82,96,90,3.06
375,Najran,SA,2021-10-24 04:44:14,17.4924,44.1277,61.45,24,7,1.34
376,Syracuse,IT,2021-10-24 04:44:15,37.0881,15.2792,73.45,84,100,20.89
377,Saint-Ambroise,CA,2021-10-24 04:44:15,48.5501,-71.3324,37.22,75,89,8.05
378,Adeje,ES,2021-10-24 04:44:15,28.1227,-16.726,71.98,66,20,6.91
379,Tiksi,RU,2021-10-24 04:44:16,71.6872,128.8694,4.3,93,100,10.74
380,Berezovyy,RU,2021-10-24 04:44:16,51.6667,135.7,49.73,57,1,3.51
381,Manaure,CO,2021-10-24 04:44:16,11.7751,-72.4445,82.42,76,60,17.27
382,Krasnoselkup,RU,2021-10-24 04:44:17,65.7,82.4667,32.86,98,100,15.57
383,Vostok,RU,2021-10-24 04:44:17,46.4856,135.8833,47.55,45,0,8.19
384,Lethbridge,CA,2021-10-24 04:40:06,49.7,-112.8186,45.21,62,20,1.01
385,Goderich,CA,2021-10-24 04:44:17,43.7501,-81.7165,43.12,87,61,5.75
386,Enshi,CN,2021-10-24 04:44:18,30.3,109.4833,67.03,56,33,1.43
387,Umm Kaddadah,SD,2021-10-24 04:44:18,13.6017,26.6876,79.72,23,64,20.62
388,Mount Pleasant,US,2021-10-24 04:44:19,32.7941,-79.8626,60.01,94,1,3.96
389,Lubango,AO,2021-10-24 04:44:19,-14.9172,13.4925,61.68,35,35,3.0
390,Belmonte,BR,2021-10-24 04:44:19,-15.8631,-38.8828,75.7,94,72,5.5
391,Turayf,SA,2021-10-24 04:44:20,31.6725,38.6637,52.05,50,0,6.91
392,Nanton,CA,2021-10-24 04:43:09,50.3501,-113.7687,42.35,92,100,2.75
393,Saint-Augustin,CA,2021-10-24 04:44:20,51.226,-58.6502,40.98,93,100,10.94
394,Santiago Sacatepequez,GT,2021-10-24 04:44:20,14.6353,-90.6764,60.89,93,75,0.0
395,Woodward,US,2021-10-24 04:44:21,36.4337,-99.3904,76.23,63,1,24.16
396,Mogadishu,SO,2021-10-24 04:44:21,2.0371,45.3438,80.47,94,75,11.5
397,Kabo,CF,2021-10-24 04:44:21,7.6994,18.629,70.29,92,84,2.17
398,Fort Nelson,CA,2021-10-24 04:41:24,58.8053,-122.7002,27.99,100,40,4.61
399,Awjilah,LY,2021-10-24 04:44:22,29.1081,21.2869,68.54,41,33,9.28
400,Oriximina,BR,2021-10-24 04:40:42,-1.7656,-55.8661,75.63,92,100,1.77
401,Lady Frere,ZA,2021-10-24 04:44:22,-31.7031,27.2329,47.55,62,66,6.44
402,Kavieng,PG,2021-10-24 04:44:22,-2.5744,150.7967,84.63,72,37,11.36
403,Rafai,CF,2021-10-24 04:44:23,4.95,23.9167,69.53,96,30,1.14
404,Acapulco,MX,2021-10-24 04:39:25,16.8634,-99.8901,75.79,86,100,9.66
405,Gushikawa,JP,2021-10-24 04:44:23,26.3544,127.8686,80.6,61,20,13.8
406,Kanniyakumari,IN,2021-10-24 04:44:23,8.0833,77.5667,82.63,75,100,12.06
407,Porto Walter,BR,2021-10-24 04:44:24,-8.2686,-72.7439,79.99,71,76,3.83
408,Nioro,GM,2021-10-24 04:44:24,13.35,-15.75,74.46,94,100,3.96
409,Ahipara,NZ,2021-10-24 04:44:24,-35.1667,173.1667,63.25,82,16,6.11
410,Otradnoye,RU,2021-10-24 04:44:25,59.7775,30.8181,33.85,91,78,7.58
411,Tias,ES,2021-10-24 04:44:25,28.9611,-13.645,67.75,72,0,5.75
412,Pacific Grove,US,2021-10-24 04:44:25,36.6177,-121.9166,60.3,78,100,1.01
413,Les Cayes,HT,2021-10-24 04:44:26,18.2,-73.75,77.07,83,78,3.24
414,Dingle,PH,2021-10-24 04:44:26,10.9995,122.6711,85.6,73,76,5.28
415,Mumbwa,ZM,2021-10-24 04:44:26,-14.9783,27.0619,79.34,32,94,2.42
416,Comodoro Rivadavia,AR,2021-10-24 04:44:27,-45.8667,-67.5,51.66,35,0,34.52
417,Thessalon,CA,2021-10-24 04:44:27,46.2501,-83.5666,44.89,81,88,11.16
418,Vaitape,PF,2021-10-24 04:44:27,-16.5167,-151.75,76.68,85,89,13.91
419,Chicama,PE,2021-10-24 04:44:27,-7.8447,-79.1469,64.0,83,58,5.17
420,Celestun,MX,2021-10-24 04:44:28,20.8667,-90.4,77.76,85,57,10.27
421,Gizo,SB,2021-10-24 04:44:28,-8.103,156.8419,85.55,65,14,4.29
422,Eagle Pass,US,2021-10-24 04:44:29,28.7091,-100.4995,78.28,59,0,12.88
423,Mozarlandia,BR,2021-10-24 04:44:29,-14.7447,-50.5706,79.29,62,100,6.31
424,Innisfail,AU,2021-10-24 04:44:29,-17.5333,146.0333,94.87,56,19,8.1
425,Shatoy,RU,2021-10-24 04:44:30,42.8714,45.6886,40.03,64,0,1.32
426,Havre-Saint-Pierre,CA,2021-10-24 04:44:30,50.2334,-63.5986,46.99,100,90,5.75
427,Yumen,CN,2021-10-24 04:44:30,40.2833,97.2,52.34,23,84,5.79
428,Nome,US,2021-10-24 04:44:31,64.5011,-165.4064,28.47,80,1,0.0
429,Flinders,AU,2021-10-24 04:44:31,-34.5833,150.8552,71.8,55,23,9.33
430,Henties Bay,NA,2021-10-24 04:44:31,-22.116,14.2845,57.85,88,49,4.9
431,Abatskoye,RU,2021-10-24 04:44:32,56.2875,70.4555,47.03,78,31,13.69
432,Kidal,ML,2021-10-24 04:44:32,18.4411,1.4078,82.76,39,49,4.65
433,Mayya,RU,2021-10-24 04:44:33,61.7333,130.2811,34.92,99,100,8.39
434,Moundsville,US,2021-10-24 04:44:33,39.9203,-80.7431,51.17,92,100,4.41
435,Mackay,AU,2021-10-24 04:44:33,-21.15,149.2,89.69,51,68,13.8
436,Torquay,GB,2021-10-24 04:44:34,50.4638,-3.5143,56.84,81,100,5.99
437,Fare,PF,2021-10-24 04:44:34,-16.7,-151.0167,76.41,86,93,14.67
438,Bereda,ES,2021-10-24 04:44:34,43.2686,-7.5406,51.55,95,2,2.37
439,Khandbari,NP,2021-10-24 04:44:35,27.3747,87.2039,70.5,78,88,1.66
440,Rio Grande,BR,2021-10-24 04:44:35,-32.035,-52.0986,57.94,91,82,13.35
441,Tongren,CN,2021-10-24 04:44:35,27.7172,109.1853,66.69,47,0,4.63
442,Saint Paul,US,2021-10-24 04:44:13,44.9444,-93.0933,43.77,81,1,0.0
443,Tobermory,CA,2021-10-24 04:44:13,45.2501,-81.6665,37.31,65,49,10.25
444,Changji,CN,2021-10-24 04:44:36,44.0167,87.3167,45.39,65,0,4.47
445,Tambun,ID,2021-10-24 04:44:36,-6.2641,107.0712,91.44,55,40,3.44
446,Kawalu,ID,2021-10-24 04:44:37,-7.3817,108.2082,90.43,50,84,5.08
447,Belaya Gora,RU,2021-10-24 04:44:37,68.5333,146.4167,-4.32,92,93,2.73
448,Palana,RU,2021-10-24 04:44:37,59.1167,159.9667,26.2,77,100,4.94
449,Boa Vista,BR,2021-10-24 04:44:38,2.8197,-60.6733,80.58,78,20,4.61
450,Aubergenville,FR,2021-10-24 04:44:38,48.96,1.8547,41.86,79,1,5.19
451,Sovetskiy,RU,2021-10-24 04:44:38,61.3614,63.5842,32.25,72,36,6.62
452,Kayes,ML,2021-10-24 04:44:39,14.0,-11.0,77.56,74,51,4.23
453,Barinas,VE,2021-10-24 04:44:39,8.6226,-70.2075,74.8,83,52,4.99
454,Soldatskaya,RU,2021-10-24 04:44:39,43.8181,43.8158,46.51,62,60,1.81
455,Borovoy,RU,2021-10-24 04:44:40,55.4333,86.0833,42.08,93,75,20.13
456,Lamu,KE,2021-10-24 04:44:40,-2.2717,40.902,77.22,73,67,5.91
457,Chardara,KZ,2021-10-24 04:41:18,41.2547,67.9692,53.26,37,0,5.99
458,Rawson,AR,2021-10-24 04:44:40,-43.3002,-65.1023,53.65,36,2,18.03
459,Kologriv,RU,2021-10-24 04:44:41,58.8275,44.3178,37.0,92,94,5.26
460,El Fuerte,MX,2021-10-24 04:44:41,26.4189,-108.6194,78.3,71,0,2.95
461,Pilkhuwa,IN,2021-10-24 04:44:42,28.7167,77.65,78.94,49,23,8.5
462,Sabang,ID,2021-10-24 04:44:42,5.8933,95.3214,81.84,73,91,4.68
463,Ixtapa,MX,2021-10-24 04:44:42,20.7,-105.2,81.23,90,100,0.87
464,Coquimbo,CL,2021-10-24 04:41:25,-29.9533,-71.3436,53.33,87,0,6.91
465,Port Macquarie,AU,2021-10-24 04:44:43,-31.4333,152.9167,73.89,68,12,23.02
466,Lata,PT,2021-10-24 04:44:43,40.1629,-8.3327,55.81,67,0,2.44
467,Mildura,AU,2021-10-24 04:44:43,-34.2,142.15,71.56,24,40,10.36
468,Kenora,CA,2021-10-24 04:44:44,49.8167,-94.4337,39.18,100,75,4.61
469,General Roca,AR,2021-10-24 04:44:44,-39.0333,-67.5833,57.61,42,2,29.21
470,Miri,MY,2021-10-24 04:44:44,4.4148,114.0089,86.14,70,40,5.75
471,Buala,SB,2021-10-24 04:44:45,-8.145,159.5921,84.97,70,42,6.69
472,Kolomna,RU,2021-10-24 04:44:45,55.0794,38.7783,38.82,88,100,12.35
473,Humboldt,US,2021-10-24 04:44:45,40.6665,-123.9178,50.29,90,100,8.52
474,Lashio,MM,2021-10-24 04:44:46,22.9333,97.75,70.97,86,96,2.75
475,Samarai,PG,2021-10-24 04:44:46,-10.6167,150.6667,81.77,80,31,10.54
476,Falun,SE,2021-10-24 04:44:46,60.6036,15.626,39.61,86,100,5.44
477,Portobelo,PA,2021-10-24 04:44:47,9.55,-79.65,78.62,86,51,4.63
478,Stephenville,US,2021-10-24 04:44:47,32.2207,-98.2023,75.2,78,1,11.5
479,Axim,GH,2021-10-24 04:44:47,4.8699,-2.2405,76.51,87,82,0.45
480,Oga,IT,2021-10-24 04:44:48,46.4631,10.347,35.69,49,0,2.06
481,Anchorage,US,2021-10-24 04:44:05,61.2181,-149.9003,45.86,79,1,0.0
482,Sept-Iles,CA,2021-10-24 04:44:48,50.2001,-66.3821,45.12,100,90,2.3
483,Honningsvag,NO,2021-10-24 04:44:48,70.9821,25.9704,39.29,54,97,16.46
484,Marakkanam,IN,2021-10-24 04:44:49,12.2,79.95,84.96,65,100,0.89
485,Pocoes,BR,2021-10-24 04:44:49,-14.5297,-40.3653,65.43,99,99,2.39
486,Chapais,CA,2021-10-24 04:44:49,49.7834,-74.8492,33.58,90,100,0.51
487,Salamiyah,SY,2021-10-24 04:44:50,35.0113,37.0532,62.76,73,0,5.03
488,Lagoa,PT,2021-10-24 04:44:50,39.05,-27.9833,66.56,58,64,11.97
489,Aksarka,RU,2021-10-24 04:44:50,66.5606,67.7975,26.58,81,97,19.33
490,Champerico,GT,2021-10-24 04:44:50,14.3,-91.9167,84.34,82,87,9.26
491,San Juan De Uraba,CO,2021-10-24 04:44:51,8.7592,-76.5297,75.79,92,81,8.19
492,Redmond,US,2021-10-24 04:40:46,47.674,-122.1215,53.91,90,52,3.0
493,Amapa,BR,2021-10-24 04:44:51,1.0,-52.0,72.14,97,76,2.08
494,Nambucca Heads,AU,2021-10-24 04:44:52,-30.65,153.0,74.17,72,0,20.09
495,Safford,US,2021-10-24 04:44:52,32.834,-109.7076,66.34,41,1,0.0
496,Payyannur,IN,2021-10-24 04:44:52,12.1,75.2,80.94,77,100,3.51
497,Newport,GB,2021-10-24 04:44:53,51.5877,-2.9984,55.76,78,98,19.33
498,Lerwick,GB,2021-10-24 04:44:53,60.1545,-1.1494,53.6,97,100,19.8
499,Kakogawa,JP,2021-10-24 04:44:53,34.7667,134.85,64.36,37,100,4.16
500,Bluefield,US,2021-10-24 04:44:54,37.2698,-81.2223,53.11,80,90,0.0
501,Chumikan,RU,2021-10-24 04:44:54,54.7183,135.315,46.54,56,82,16.69
502,Eureka,US,2021-10-24 04:44:54,40.8021,-124.1637,59.36,76,100,4.0
503,Sangar,RU,2021-10-24 04:44:55,63.9242,127.4739,21.13,94,100,6.8
504,Kaka,TM,2021-10-24 04:44:55,37.3482,59.6143,59.25,20,0,8.39
505,Dunedin,NZ,2021-10-24 04:44:55,-45.8742,170.5036,56.8,77,79,5.01
506,Nombre De Dios,MX,2021-10-24 04:44:56,23.85,-104.2333,61.03,60,0,5.99
507,Baley,RU,2021-10-24 04:44:56,51.6,116.6333,42.03,49,56,5.84
508,Burnie,AU,2021-10-24 04:44:56,-41.0667,145.9167,60.94,40,30,9.62
509,Nea Efesos,GR,2021-10-24 04:44:57,40.23,22.4964,59.2,80,78,4.7
510,Odienne,CI,2021-10-24 04:44:57,9.51,-7.5692,70.23,95,36,2.06
511,Nalut,LY,2021-10-24 04:44:57,30.3333,10.85,67.14,60,81,6.71
512,Petropavlovsk-Kamchatskiy,RU,2021-10-24 04:44:58,53.0452,158.6483,41.59,61,40,2.24
513,Harper,LR,2021-10-24 04:44:58,4.375,-7.7169,76.87,88,77,5.44
514,Goba,ET,2021-10-24 04:44:58,7.0167,39.9833,54.16,59,8,1.9
515,Poum,NC,2021-10-24 04:44:59,-20.2333,164.0167,74.84,75,27,5.19
516,Vredendal,ZA,2021-10-24 04:44:59,-31.6683,18.5012,57.07,67,0,4.27
517,Bingol,TR,2021-10-24 04:45:00,38.8847,40.4939,34.32,60,0,1.14
518,Erenhot,CN,2021-10-24 04:45:00,43.6475,111.9767,53.33,18,0,10.45
519,Road Town,VG,2021-10-24 04:41:56,18.4167,-64.6167,81.19,64,20,15.19
520,Tianpeng,CN,2021-10-24 04:45:00,30.9866,103.9393,62.64,66,98,4.54
521,Talgar,KZ,2021-10-24 04:45:01,43.3027,77.2395,37.56,81,0,0.0
522,Caravelas,BR,2021-10-24 04:45:02,-17.7125,-39.2481,72.7,96,72,2.24
523,Parrita,CR,2021-10-24 04:45:03,9.5201,-84.3225,78.57,90,23,3.8
524,Salvador,SV,2021-10-24 04:42:02,13.8333,-88.9167,70.2,97,100,0.94
525,Wanxian,CN,2021-10-24 04:45:03,30.8039,108.3897,70.81,57,19,1.41
526,Ferkessedougou,CI,2021-10-24 04:45:04,9.6,-5.2,71.38,94,42,3.06
527,Fuyu,CN,2021-10-24 04:45:05,45.1833,124.8167,59.14,28,0,13.47
528,Kipushi,CD,2021-10-24 04:45:05,-11.7667,27.2333,71.15,50,60,4.14
529,Buchanan,LR,2021-10-24 04:45:06,5.8808,-10.0467,75.52,90,100,4.18
530,Aranos,NA,2021-10-24 04:45:06,-24.1333,19.1167,53.46,64,1,12.24
531,Prince Rupert,CA,2021-10-24 04:45:07,54.3161,-130.3201,47.89,73,97,13.8
532,Kenai,US,2021-10-24 04:45:07,60.5544,-151.2583,44.15,74,1,12.66
533,Nhulunbuy,AU,2021-10-24 04:45:08,-12.2333,136.7667,90.21,51,40,12.66
534,Shingu,JP,2021-10-24 04:45:08,33.7333,135.9833,68.99,48,59,5.7
535,Saint George,US,2021-10-24 04:45:08,37.1041,-113.5841,64.94,40,1,5.01
536,Moindou,NC,2021-10-24 04:45:09,-21.6924,165.677,76.95,69,17,10.51
537,Dawson Creek,CA,2021-10-24 04:45:09,55.7666,-120.2362,38.55,100,40,3.44
538,Taltal,CL,2021-10-24 04:45:10,-25.4,-70.4833,57.63,76,1,1.68
539,Exu,BR,2021-10-24 04:45:10,-7.5119,-39.7242,81.01,79,91,3.24
540,Aguas Vermelhas,BR,2021-10-24 04:45:11,-15.7472,-41.46,64.72,99,39,3.44
541,Jutai,BR,2021-10-24 04:45:11,-5.1833,-68.9,74.41,93,6,2.48
542,Laramie,US,2021-10-24 04:45:12,41.3114,-105.5911,45.03,68,75,1.99
543,Antofagasta,CL,2021-10-24 04:44:50,-23.65,-70.4,58.28,77,29,7.58
544,Shubarshi,KZ,2021-10-24 04:45:12,48.5872,57.1869,48.85,31,24,14.54
545,Quelimane,MZ,2021-10-24 04:45:13,-17.8786,36.8883,75.15,83,0,8.99
546,Novovasylivka,UA,2021-10-24 04:45:13,46.8315,35.7536,45.61,58,95,6.8
547,Moose Factory,CA,2021-10-24 04:45:13,51.2585,-80.6094,33.8,100,90,2.3
548,Udachnyy,RU,2021-10-24 04:45:14,66.4167,112.4,27.03,90,100,18.25
549,San Matias,BO,2021-10-24 04:45:14,-16.3667,-58.4,85.21,51,44,6.42
550,Nokaneng,BW,2021-10-24 04:45:14,-19.6667,22.2667,72.01,17,18,8.37
