City_ID,City,Country,Date,Lat,Lng,Weather Description,Max Temp,Humidity,Cloudiness,Wind Speed
0,Kapaa,US,2021-10-25 00:48:56,22.0752,-159.319,broken clouds,84.18,76,75,5.01
1,Qaanaaq,GL,2021-10-25 00:47:21,77.484,-69.3632,clear sky,-5.22,60,0,10.27
2,Sheridan,US,2021-10-25 00:49:48,44.8333,-106.9173,clear sky,55.78,46,1,1.01
3,Atuona,PF,2021-10-25 00:46:32,-9.8,-139.0333,clear sky,78.19,73,8,18.99
4,Vaini,TO,2021-10-25 00:49:49,-21.2,-175.2,few clouds,78.96,78,20,13.8
5,Dikson,RU,2021-10-25 00:49:49,73.5069,80.5464,overcast clouds,10.76,88,100,17.83
6,Ancud,CL,2021-10-25 00:46:39,-41.8697,-73.8203,overcast clouds,54.43,85,100,18.66
7,Rio Grande,BR,2021-10-25 00:49:50,-32.035,-52.0986,clear sky,52.95,70,0,8.23
8,Rocha,UY,2021-10-25 00:49:50,-34.4833,-54.3333,clear sky,60.73,57,0,13.33
9,Hualmay,PE,2021-10-25 00:49:50,-11.0964,-77.6139,scattered clouds,63.32,80,46,10.31
10,Khatanga,RU,2021-10-25 00:48:40,71.9667,102.5,overcast clouds,0.23,89,99,16.37
11,Colon,PA,2021-10-25 00:49:51,9.3592,-79.9014,overcast clouds,83.01,84,89,3.0
12,Mataura,NZ,2021-10-25 00:48:32,-46.1927,168.8643,overcast clouds,70.75,52,100,4.85
13,Santa Cruz,BO,2021-10-25 00:49:51,-17.8,-63.1667,broken clouds,67.46,83,75,4.61
14,Sao Felix Do Xingu,BR,2021-10-25 00:49:52,-6.6447,-51.995,scattered clouds,73.62,90,27,1.32
15,Hermanus,ZA,2021-10-25 00:48:40,-34.4187,19.2345,clear sky,53.91,77,0,9.53
16,Hobart,AU,2021-10-25 00:49:17,-42.8794,147.3294,broken clouds,56.05,67,75,4.0
17,Provideniya,RU,2021-10-25 00:46:43,64.3833,-173.3,clear sky,26.71,59,0,4.47
18,Forssa,FI,2021-10-25 00:49:52,60.8146,23.6215,overcast clouds,47.91,94,100,11.18
19,Lebu,CL,2021-10-25 00:46:01,-37.6167,-73.65,scattered clouds,51.87,95,50,4.14
20,Rikitea,PF,2021-10-25 00:46:29,-23.1203,-134.9692,scattered clouds,74.79,76,25,17.4
21,West Chicago,US,2021-10-25 00:49:53,41.8847,-88.204,heavy intensity rain,49.12,88,90,5.01
22,Marfino,RU,2021-10-25 00:49:53,55.7028,37.3822,few clouds,31.08,84,20,6.71
23,Morondava,MG,2021-10-25 00:49:53,-20.2833,44.2833,clear sky,73.13,53,0,3.94
24,Jamestown,US,2021-10-25 00:45:53,42.097,-79.2353,light rain,51.3,99,90,1.99
25,Aqtobe,KZ,2021-10-25 00:49:54,50.2797,57.2072,broken clouds,42.89,56,75,4.47
26,Sept-Iles,CA,2021-10-25 00:47:36,50.2001,-66.3821,overcast clouds,47.05,78,90,1.01
27,Kavieng,PG,2021-10-25 00:49:54,-2.5744,150.7967,light rain,84.79,68,21,10.33
28,Alofi,NU,2021-10-25 00:48:00,-19.0595,-169.9187,light rain,82.29,51,32,18.41
29,Mar Del Plata,AR,2021-10-25 00:49:10,-38.0023,-57.5575,clear sky,64.09,56,0,3.0
30,Porto Franco,BR,2021-10-25 00:49:55,-6.3383,-47.3992,overcast clouds,79.2,75,89,3.58
31,Chuy,UY,2021-10-25 00:49:55,-33.6971,-53.4616,clear sky,57.96,66,0,10.98
32,Terrace,CA,2021-10-25 00:49:42,54.5163,-128.6035,overcast clouds,49.91,57,90,16.11
33,Khorixas,NA,2021-10-25 00:49:55,-20.3667,14.9667,clear sky,56.43,52,5,3.02
34,Butaritari,KI,2021-10-25 00:48:45,3.0707,172.7902,clear sky,81.97,72,1,3.6
35,Bambous Virieux,MU,2021-10-25 00:46:51,-20.3428,57.7575,scattered clouds,73.65,78,40,11.5
36,Geraldton,AU,2021-10-25 00:47:23,-28.7667,114.6,overcast clouds,68.41,64,90,12.66
37,Ushuaia,AR,2021-10-25 00:49:56,-54.8,-68.3,light snow,33.46,80,75,28.77
38,Ribeira Grande,PT,2021-10-25 00:49:56,38.5167,-28.7,clear sky,66.22,72,8,3.29
39,Coahuayana,MX,2021-10-25 00:45:22,18.7333,-103.6833,overcast clouds,78.89,90,100,3.27
40,Touros,BR,2021-10-25 00:49:57,-5.1989,-35.4608,clear sky,79.7,72,2,13.11
41,Pervomayskiy,RU,2021-10-25 00:49:57,53.2485,40.2871,clear sky,29.12,81,7,14.09
42,Havoysund,NO,2021-10-25 00:49:58,70.9963,24.6622,broken clouds,27.48,81,54,15.95
43,Shahjahanpur,IN,2021-10-25 00:49:58,27.8833,79.9167,clear sky,68.27,80,0,4.61
44,Adlay,PH,2021-10-25 00:49:58,9.4097,125.8975,overcast clouds,84.34,72,95,1.19
45,Esperance,AU,2021-10-25 00:49:59,-33.8667,121.9,overcast clouds,71.44,35,100,13.67
46,Bluff,NZ,2021-10-25 00:49:59,-46.6,168.3333,overcast clouds,57.72,81,99,11.92
47,Guilin,CN,2021-10-25 00:49:59,25.2819,110.2864,clear sky,55.51,63,0,6.69
48,Albany,US,2021-10-25 00:50:00,42.6001,-73.9662,overcast clouds,51.8,84,96,2.08
49,Inirida,CO,2021-10-25 00:48:09,3.8653,-67.9239,overcast clouds,75.16,96,100,2.01
50,Oktyabrskoye,RU,2021-10-25 00:48:59,43.0645,44.7417,fog,46.54,100,100,4.47
51,Byron Bay,AU,2021-10-25 00:50:00,-28.65,153.6167,overcast clouds,78.87,81,95,3.2
52,Punta Arenas,CL,2021-10-25 00:46:41,-53.15,-70.9167,broken clouds,41.11,56,75,17.27
53,Hithadhoo,MV,2021-10-25 00:47:01,-0.6,73.0833,few clouds,83.03,69,21,15.66
54,Dakar,SN,2021-10-25 00:50:01,14.6937,-17.4441,light rain,79.68,89,20,0.0
55,Hilo,US,2021-10-25 00:50:02,19.7297,-155.09,overcast clouds,82.27,75,90,10.36
56,Cabo San Lucas,MX,2021-10-25 00:50:02,22.8909,-109.9124,clear sky,85.3,78,3,9.66
57,Roma,US,2021-10-25 00:48:59,43.2128,-75.4557,clear sky,53.83,79,1,4.61
58,Thompson,CA,2021-10-25 00:45:18,55.7435,-97.8558,light snow,30.36,86,75,4.61
59,Coos Bay,US,2021-10-25 00:50:04,43.3665,-124.2179,broken clouds,57.92,79,75,29.93
60,Flinders,AU,2021-10-25 00:46:13,-34.5833,150.8552,clear sky,70.18,48,2,1.99
61,Dotnuva,LT,2021-10-25 00:50:04,55.35,23.9,few clouds,41.88,92,15,7.49
62,Hovd,MN,2021-10-25 00:50:05,48.0056,91.6419,clear sky,32.99,38,2,1.79
63,Vakhrushev,RU,2021-10-25 00:50:06,48.9833,142.9667,clear sky,48.87,66,0,9.86
64,Bredasdorp,ZA,2021-10-25 00:50:06,-34.5322,20.0403,clear sky,50.29,87,0,4.61
65,Port Alfred,ZA,2021-10-25 00:50:07,-33.5906,26.891,clear sky,57.34,81,0,11.56
66,San Cristobal,VE,2021-10-25 00:50:08,7.7669,-72.225,broken clouds,73.58,95,79,2.13
67,Bexhill,AU,2021-10-25 00:50:08,-28.7667,153.35,light rain,74.84,76,90,3.0
68,Cape Town,ZA,2021-10-25 00:47:11,-33.9258,18.4232,clear sky,58.26,69,0,1.99
69,Victoria Point,AU,2021-10-25 00:50:08,-27.5833,153.3,overcast clouds,83.44,70,95,1.99
70,Davila,PH,2021-10-25 00:50:09,18.4726,120.5763,few clouds,82.38,71,13,9.84
71,Tuktoyaktuk,CA,2021-10-25 00:50:09,69.4541,-133.0374,scattered clouds,26.6,100,40,5.75
72,Shache,CN,2021-10-25 00:50:09,38.4167,77.2406,overcast clouds,45.27,38,100,2.33
73,Sao Joao Da Barra,BR,2021-10-25 00:49:16,-21.6403,-41.0511,light rain,72.57,94,100,17.22
74,Meulaboh,ID,2021-10-25 00:49:45,4.1363,96.1285,overcast clouds,76.6,86,100,3.36
75,Kaitangata,NZ,2021-10-25 00:50:10,-46.2817,169.8464,overcast clouds,60.4,71,100,7.87
76,La Ronge,CA,2021-10-25 00:50:10,55.1001,-105.2842,scattered clouds,41.25,70,40,12.66
77,Hambantota,LK,2021-10-25 00:50:10,6.1241,81.1185,few clouds,77.34,100,20,4.61
78,Saint George,US,2021-10-25 00:45:53,37.1041,-113.5841,clear sky,72.19,34,1,1.01
79,Walvis Bay,NA,2021-10-25 00:50:11,-22.9575,14.5053,clear sky,59.09,88,0,6.91
80,Champerico,GT,2021-10-25 00:50:11,14.3,-91.9167,overcast clouds,84.74,82,100,7.74
81,Kisaran,ID,2021-10-25 00:50:12,2.9845,99.6158,heavy intensity rain,78.69,83,100,3.09
82,Yellowknife,CA,2021-10-25 00:47:15,62.456,-114.3525,broken clouds,42.42,85,75,21.85
83,Fairbanks,US,2021-10-25 00:45:32,64.8378,-147.7164,light snow,27.23,92,90,0.0
84,Hamilton,US,2021-10-25 00:50:12,39.1834,-84.5333,clear sky,70.99,84,1,1.01
85,Tortoli,IT,2021-10-25 00:50:12,39.9256,9.6572,overcast clouds,65.98,82,90,26.46
86,Tokur,RU,2021-10-25 00:50:13,53.1333,132.9,few clouds,32.63,82,15,4.36
87,Sao Filipe,CV,2021-10-25 00:48:37,14.8961,-24.4956,scattered clouds,78.12,70,32,10.58
88,Grants,US,2021-10-25 00:50:13,35.1473,-107.8514,clear sky,50.23,37,1,4.61
89,Fare,PF,2021-10-25 00:48:11,-16.7,-151.0167,light rain,76.73,86,100,14.23
90,Tombouctou,ML,2021-10-25 00:50:14,20.0,-3.0,scattered clouds,84.87,24,34,10.31
91,Mandurah,AU,2021-10-25 00:47:02,-32.55,115.7,overcast clouds,61.92,74,100,17.49
92,Castro,BR,2021-10-25 00:50:14,-24.7911,-50.0119,overcast clouds,54.43,98,100,4.36
93,Providencia,MX,2021-10-25 00:50:14,28.7167,-111.5833,few clouds,85.48,70,21,8.01
94,Brae,GB,2021-10-25 00:50:15,60.3964,-1.353,overcast clouds,51.71,82,98,16.22
95,Loandjili,CG,2021-10-25 00:50:15,-4.7561,11.8578,light rain,78.91,89,40,10.36
96,Kulhudhuffushi,MV,2021-10-25 00:50:16,6.6221,73.07,overcast clouds,81.93,77,93,8.01
97,Togur,RU,2021-10-25 00:50:16,58.3631,82.8265,light rain,41.04,94,100,8.61
98,Nikolskoye,RU,2021-10-25 00:46:35,59.7035,30.7861,light snow,34.88,80,100,9.33
99,Bethel,US,2021-10-25 00:47:29,41.3712,-73.414,overcast clouds,54.91,80,90,0.0
100,New Norfolk,AU,2021-10-25 00:50:16,-42.7826,147.0587,broken clouds,55.71,57,79,5.01
101,Busselton,AU,2021-10-25 00:46:59,-33.65,115.3333,overcast clouds,61.05,65,100,10.42
102,Petropavlovsk-Kamchatskiy,RU,2021-10-25 00:50:17,53.0452,158.6483,few clouds,41.59,39,20,13.42
103,Puerto Ayora,EC,2021-10-25 00:46:50,-0.7393,-90.3518,overcast clouds,68.56,94,100,3.0
104,Port Keats,AU,2021-10-25 00:50:17,-14.25,129.55,broken clouds,90.79,54,56,6.4
105,Solnechnyy,RU,2021-10-25 00:50:18,50.7214,136.6319,clear sky,44.46,65,0,2.55
106,Korla,CN,2021-10-25 00:50:18,41.7597,86.1469,clear sky,45.03,41,0,3.74
107,Tabou,CI,2021-10-25 00:50:18,4.423,-7.3528,overcast clouds,77.16,84,100,7.02
108,Hinton,CA,2021-10-25 00:50:19,53.4001,-117.5857,overcast clouds,46.44,75,100,8.14
109,Gat,IL,2021-10-25 00:50:19,31.61,34.7642,clear sky,68.68,100,4,3.31
110,San Quintin,MX,2021-10-25 00:50:19,30.4833,-115.95,few clouds,64.6,77,12,13.29
111,Zhigansk,RU,2021-10-25 00:50:20,66.7697,123.3711,overcast clouds,16.9,96,96,5.3
112,Balsas,BR,2021-10-25 00:47:47,-7.5325,-46.0356,few clouds,79.18,73,13,1.61
113,Norman Wells,CA,2021-10-25 00:50:20,65.282,-126.8329,overcast clouds,23.04,93,90,5.75
114,Roald,NO,2021-10-25 00:48:58,62.5833,6.1333,overcast clouds,51.94,82,90,5.75
115,Kaeo,NZ,2021-10-25 00:50:20,-35.1,173.7833,scattered clouds,72.32,77,26,4.76
116,Sooke,CA,2021-10-25 00:49:24,48.3746,-123.7276,scattered clouds,54.09,90,37,20.71
117,Richards Bay,ZA,2021-10-25 00:48:38,-28.783,32.0377,broken clouds,63.23,69,84,3.36
118,Caborca,MX,2021-10-25 00:50:21,30.5838,-111.101,clear sky,77.49,36,0,8.41
119,Nome,US,2021-10-25 00:50:21,64.5011,-165.4064,overcast clouds,32.16,86,90,17.27
120,Cayenne,GF,2021-10-25 00:49:03,4.9333,-52.3333,overcast clouds,77.04,91,90,4.0
121,Cherskiy,RU,2021-10-25 00:50:22,68.75,161.3,scattered clouds,-8.61,95,38,3.91
122,Svetlyy,RU,2021-10-25 00:50:22,54.675,20.1347,broken clouds,37.45,82,51,12.62
123,Kirakira,SB,2021-10-25 00:50:22,-10.4544,161.9205,few clouds,85.33,70,22,10.36
124,Kodiak,US,2021-10-25 00:45:32,57.79,-152.4072,scattered clouds,47.71,71,40,11.5
125,Bairiki,KI,2021-10-25 00:50:23,1.3292,172.9752,few clouds,86.0,66,20,4.61
126,Todos Santos,MX,2021-10-25 00:46:08,23.45,-110.2167,clear sky,84.79,74,2,6.82
127,Yatou,CN,2021-10-25 00:50:23,37.15,122.3833,clear sky,59.36,56,0,3.4
128,Cidreira,BR,2021-10-25 00:47:50,-30.1811,-50.2056,clear sky,60.73,66,0,1.7
129,Molochnoye,RU,2021-10-25 00:50:24,59.2917,39.6787,scattered clouds,26.87,94,27,6.2
130,Luderitz,NA,2021-10-25 00:50:24,-26.6481,15.1594,clear sky,59.5,70,0,11.03
131,Kars,TR,2021-10-25 00:50:24,40.602,43.095,broken clouds,25.65,45,77,4.0
132,Georgetown,MY,2021-10-25 00:50:25,5.4112,100.3354,mist,78.73,93,20,5.01
133,Cocobeach,GA,2021-10-25 00:50:25,1.0002,9.5823,light rain,80.53,87,21,4.21
134,Elmira,US,2021-10-25 00:50:25,42.0898,-76.8077,mist,51.33,94,90,3.44
135,Novopokrovka,UA,2021-10-25 00:50:26,49.8425,36.5477,clear sky,39.58,68,6,9.13
136,Carnarvon,AU,2021-10-25 00:50:26,-24.8667,113.6333,overcast clouds,71.67,60,88,12.66
137,East London,ZA,2021-10-25 00:50:27,-33.0153,27.9116,clear sky,58.44,74,1,9.8
138,Bardsir,IR,2021-10-25 00:50:27,29.9227,56.5743,clear sky,44.65,36,0,5.06
139,Saint-Louis,SN,2021-10-25 00:50:27,16.3333,-15.0,broken clouds,85.64,35,77,6.44
140,Zhaotong,CN,2021-10-25 00:50:28,27.3167,103.7167,overcast clouds,46.63,94,100,2.59
141,Eenhana,NA,2021-10-25 00:50:28,-17.4667,16.3333,clear sky,68.09,15,0,5.84
142,Coquimbo,CL,2021-10-25 00:50:28,-29.9533,-71.3436,clear sky,56.93,88,0,4.61
143,Koumac,NC,2021-10-25 00:50:29,-20.5667,164.2833,few clouds,78.64,65,12,7.0
144,Southbridge,US,2021-10-25 00:50:29,42.0751,-72.0334,overcast clouds,51.01,85,99,1.34
145,Rawson,AR,2021-10-25 00:48:51,-43.3002,-65.1023,overcast clouds,63.45,34,100,38.9
146,Guerrero Negro,MX,2021-10-25 00:46:17,27.9769,-114.0611,clear sky,66.49,72,0,14.9
147,Egvekinot,RU,2021-10-25 00:50:30,66.3167,-179.1667,few clouds,6.01,85,21,5.68
148,Otradnoye,RU,2021-10-25 00:50:30,59.7775,30.8181,light snow,36.03,82,100,9.57
149,Chernyshkovskiy,RU,2021-10-25 00:50:30,48.4219,42.2308,clear sky,41.83,82,7,7.94
150,Highland Springs,US,2021-10-25 00:50:31,37.546,-77.3278,clear sky,65.7,83,1,4.61
151,Avarua,CK,2021-10-25 00:50:10,-21.2078,-159.775,few clouds,77.05,53,20,12.66
152,Matara,LK,2021-10-25 00:50:31,5.9485,80.5353,overcast clouds,77.05,88,94,5.32
153,Hami,CN,2021-10-25 00:50:10,42.8,93.45,clear sky,42.46,36,0,6.44
154,Altay,CN,2021-10-25 00:50:31,47.8667,88.1167,clear sky,31.01,58,0,4.23
155,Nantucket,US,2021-10-25 00:45:41,41.2835,-70.0995,clear sky,56.97,66,1,5.75
156,Carutapera,BR,2021-10-25 00:50:32,-1.195,-46.02,scattered clouds,79.95,81,50,8.28
157,Novomykolayivka,UA,2021-10-25 00:50:32,47.9781,35.9102,overcast clouds,43.05,63,100,11.32
158,Hit,IQ,2021-10-25 00:50:33,33.6416,42.8251,clear sky,67.8,29,0,7.0
159,Leningradskiy,RU,2021-10-25 00:50:33,69.3833,178.4167,overcast clouds,3.83,92,87,7.2
160,Saskylakh,RU,2021-10-25 00:50:33,71.9167,114.0833,broken clouds,-17.21,100,57,2.95
161,Yekaterinogradskaya,RU,2021-10-25 00:50:33,43.7635,44.2317,moderate rain,52.03,86,100,16.22
162,Skjervoy,NO,2021-10-25 00:50:34,70.0311,20.9714,overcast clouds,33.82,69,100,22.84
163,Port Moresby,PG,2021-10-25 00:50:34,-9.4431,147.1797,haze,87.22,70,40,11.5
164,Litovko,RU,2021-10-25 00:50:34,49.2361,135.1742,clear sky,47.46,53,0,10.8
165,Isangel,VU,2021-10-25 00:48:50,-19.55,169.2667,broken clouds,82.51,69,75,5.75
166,Fortuna,US,2021-10-25 00:50:35,40.5982,-124.1573,scattered clouds,59.34,78,40,4.0
167,Warrnambool,AU,2021-10-25 00:50:35,-38.3833,142.4833,broken clouds,55.81,61,74,13.02
168,Clyde River,CA,2021-10-25 00:50:35,70.4692,-68.5914,overcast clouds,12.87,77,97,4.65
169,Bengkulu,ID,2021-10-25 00:49:18,-3.8004,102.2655,overcast clouds,74.52,94,100,2.73
170,Airai,TL,2021-10-25 00:50:36,-8.9266,125.4092,overcast clouds,76.06,44,98,1.66
171,Darnah,LY,2021-10-25 00:50:36,32.767,22.6367,overcast clouds,71.82,64,100,11.3
172,Mae Chan,TH,2021-10-25 00:50:36,20.1467,99.8526,overcast clouds,73.78,98,95,0.78
173,Muborak,UZ,2021-10-25 00:50:37,39.2553,65.1528,clear sky,48.99,32,0,2.57
174,Severo-Kurilsk,RU,2021-10-25 00:50:37,50.6789,156.125,overcast clouds,39.33,69,96,17.34
175,Manokwari,ID,2021-10-25 00:48:53,-0.8667,134.0833,overcast clouds,82.65,68,100,3.36
176,Tromso,NO,2021-10-25 00:50:38,69.6496,18.957,clear sky,33.39,80,0,1.01
177,Khairabad,IN,2021-10-25 00:50:38,27.5333,80.75,clear sky,68.58,78,0,4.68
178,Bubaque,GW,2021-10-25 00:50:38,11.2833,-15.8333,overcast clouds,82.33,76,89,9.53
179,Quiindy,PY,2021-10-25 00:50:39,-25.9667,-57.2667,clear sky,59.09,66,0,4.97
180,Suez,EG,2021-10-25 00:50:39,29.9737,32.5263,clear sky,62.49,82,0,7.23
181,Tuatapere,NZ,2021-10-25 00:50:39,-46.1333,167.6833,overcast clouds,64.42,76,100,3.33
182,Kenai,US,2021-10-25 00:50:40,60.5544,-151.2583,clear sky,48.29,72,1,3.44
183,Longyearbyen,SJ,2021-10-25 00:47:19,78.2186,15.6401,overcast clouds,19.24,79,90,9.22
184,Malanje,AO,2021-10-25 00:50:40,-9.5402,16.341,broken clouds,64.78,94,82,3.15
185,Aitape,PG,2021-10-25 00:50:40,-3.1374,142.3475,overcast clouds,86.22,63,93,4.21
186,Kilindoni,TZ,2021-10-25 00:50:41,-7.9139,39.6668,few clouds,77.79,80,14,7.67
187,Janauba,BR,2021-10-25 00:50:41,-15.8025,-43.3089,overcast clouds,74.68,83,100,3.11
188,Peniche,PT,2021-10-25 00:50:41,39.3558,-9.3811,broken clouds,61.61,92,53,6.67
189,Bathsheba,BB,2021-10-25 00:46:52,13.2167,-59.5167,broken clouds,83.01,74,75,21.85
190,Lixourion,GR,2021-10-25 00:47:03,38.2019,20.4314,overcast clouds,62.71,89,100,15.35
191,Bandarbeyla,SO,2021-10-25 00:50:42,9.4942,50.8122,clear sky,77.05,76,10,2.86
192,Caravelas,BR,2021-10-25 00:49:18,-17.7125,-39.2481,overcast clouds,77.38,87,100,8.99
193,Vanimo,PG,2021-10-25 00:50:42,-2.6741,141.3028,overcast clouds,85.33,65,100,6.64
194,Kavaratti,IN,2021-10-25 00:47:48,10.5669,72.642,overcast clouds,81.34,78,100,10.85
195,Vestmannaeyjar,IS,2021-10-25 00:50:31,63.4427,-20.2734,overcast clouds,44.62,90,100,2.26
196,Barrow,US,2021-10-25 00:46:48,71.2906,-156.7887,overcast clouds,28.42,80,90,9.22
197,Kruisfontein,ZA,2021-10-25 00:50:43,-34.0033,24.7314,clear sky,47.88,84,0,3.44
198,Olafsvik,IS,2021-10-25 00:50:43,64.8945,-23.7142,overcast clouds,42.31,89,100,20.98
199,Imeni Poliny Osipenko,RU,2021-10-25 00:50:44,52.4201,136.4853,few clouds,37.74,81,17,9.06
200,Los Llanos De Aridane,ES,2021-10-25 00:50:44,28.6585,-17.9182,overcast clouds,67.75,88,90,8.05
201,Dunedin,NZ,2021-10-25 00:50:44,-45.8742,170.5036,overcast clouds,60.94,72,100,6.76
202,Narsaq,GL,2021-10-25 00:49:20,60.9167,-46.05,clear sky,32.22,45,4,7.18
203,Kochi,IN,2021-10-25 00:50:45,9.9399,76.2602,overcast clouds,73.38,89,100,3.51
204,Seoul,KR,2021-10-25 00:50:13,37.5683,126.9778,clear sky,54.84,78,0,2.3
205,Ambunti,PG,2021-10-25 00:50:45,-4.2365,142.8448,overcast clouds,87.6,62,99,1.95
206,Petrokamenskoye,RU,2021-10-25 00:50:46,57.716,60.6484,overcast clouds,38.91,70,100,12.93
207,Afyonkarahisar,TR,2021-10-25 00:50:46,38.75,30.6667,overcast clouds,48.51,75,100,10.78
208,Fernie,CA,2021-10-25 00:47:45,49.5,-115.0687,overcast clouds,48.61,83,100,3.58
209,Denpasar,ID,2021-10-25 00:46:11,-8.65,115.2167,scattered clouds,82.06,74,40,4.61
210,Minnedosa,CA,2021-10-25 00:50:46,50.2453,-99.8436,scattered clouds,37.96,79,31,7.67
211,Pozo Colorado,PY,2021-10-25 00:50:47,-23.4923,-58.7972,clear sky,64.8,47,0,6.04
212,Tiksi,RU,2021-10-25 00:50:47,71.6872,128.8694,overcast clouds,-0.26,100,94,3.71
213,Torbay,CA,2021-10-25 00:50:48,47.6666,-52.7314,very heavy rain,54.57,87,75,28.77
214,Lattes,FR,2021-10-25 00:50:48,43.5675,3.9046,clear sky,52.99,91,0,1.01
215,Sobolevo,RU,2021-10-25 00:50:48,54.4299,31.8996,scattered clouds,28.78,90,25,4.29
216,Dickinson,US,2021-10-25 00:50:49,29.4608,-95.0513,few clouds,83.16,83,20,3.0
217,Labuhan,ID,2021-10-25 00:49:32,-6.8844,112.2051,overcast clouds,84.0,68,92,9.48
218,Sitka,US,2021-10-25 00:50:33,57.0531,-135.33,scattered clouds,49.89,57,40,0.0
219,Biltine,TD,2021-10-25 00:50:49,14.5333,20.9167,broken clouds,81.93,23,58,13.06
220,Souillac,MU,2021-10-25 00:50:50,-20.5167,57.5167,scattered clouds,74.35,78,40,11.5
221,Orange Cove,US,2021-10-25 00:50:50,36.6244,-119.3137,overcast clouds,71.11,47,100,3.91
222,Tungor,RU,2021-10-25 00:50:50,53.3808,142.9564,scattered clouds,43.68,83,29,10.65
223,Mahebourg,MU,2021-10-25 00:50:51,-20.4081,57.7,scattered clouds,74.25,78,40,11.5
224,College,US,2021-10-25 00:48:21,64.8569,-147.8028,light snow,27.21,91,90,0.0
225,Boden,SE,2021-10-25 00:50:51,65.8252,21.6886,light rain,39.2,100,100,1.5
226,Shimoda,JP,2021-10-25 00:50:27,34.6667,138.95,overcast clouds,64.51,65,100,13.8
227,Pisco,PE,2021-10-25 00:50:52,-13.7,-76.2167,clear sky,61.02,77,0,16.11
228,Port Hedland,AU,2021-10-25 00:50:52,-20.3167,118.5667,clear sky,87.85,23,0,6.91
229,Iztapa,GT,2021-10-25 00:50:52,13.9333,-90.7075,overcast clouds,82.45,94,90,0.0
230,Victoria,HK,2021-10-25 00:48:47,22.2855,114.1577,overcast clouds,71.33,70,100,5.99
231,Tasiilaq,GL,2021-10-25 00:46:49,65.6145,-37.6368,snow,30.36,85,100,47.8
232,Omagari,JP,2021-10-25 00:50:53,39.45,140.4833,few clouds,52.56,55,17,1.88
233,Aswan,EG,2021-10-25 00:50:53,24.0934,32.907,clear sky,69.1,37,0,8.05
234,Yarim,YE,2021-10-25 00:50:54,14.298,44.3779,scattered clouds,49.3,28,26,4.63
235,Vanavara,RU,2021-10-25 00:50:30,60.34,102.2797,broken clouds,33.91,79,82,12.03
236,Deputatskiy,RU,2021-10-25 00:50:54,69.3,139.9,overcast clouds,3.38,96,100,0.76
237,Tayoltita,MX,2021-10-25 00:50:54,24.0833,-105.9333,clear sky,66.69,80,0,3.42
238,Vestmanna,FO,2021-10-25 00:50:55,62.1564,-7.1664,overcast clouds,49.12,93,90,18.41
239,Lagoa,PT,2021-10-25 00:50:55,39.05,-27.9833,broken clouds,66.13,73,54,7.07
240,Acapulco,MX,2021-10-25 00:50:55,16.8634,-99.8901,overcast clouds,75.02,94,90,13.8
241,Upernavik,GL,2021-10-25 00:50:56,72.7868,-56.1549,clear sky,14.38,67,0,5.93
242,Beruwala,LK,2021-10-25 00:50:56,6.4788,79.9828,overcast clouds,78.58,86,96,4.65
243,Grand Gaube,MU,2021-10-25 00:50:56,-20.0064,57.6608,overcast clouds,74.37,71,90,5.99
244,Tevaitoa,PF,2021-10-25 00:50:57,-16.7833,-151.5,moderate rain,76.01,89,100,12.64
245,Ukiah,US,2021-10-25 00:50:57,39.1502,-123.2078,light rain,56.12,94,90,0.0
246,Husavik,IS,2021-10-25 00:50:57,66.0449,-17.3389,overcast clouds,39.11,97,100,13.85
247,Buala,SB,2021-10-25 00:49:11,-8.145,159.5921,light rain,85.08,69,42,1.25
248,New Iberia,US,2021-10-25 00:50:58,30.0035,-91.8187,clear sky,75.96,83,1,5.75
249,Varhaug,NO,2021-10-25 00:50:58,58.6147,5.6457,overcast clouds,50.9,92,100,18.84
250,Salinopolis,BR,2021-10-25 00:50:58,-0.6136,-47.3561,clear sky,80.92,82,0,11.77
251,Abay,KZ,2021-10-25 00:49:19,49.6311,72.8539,broken clouds,25.18,57,60,6.93
252,Lasa,IT,2021-10-25 00:50:59,46.6166,10.7002,overcast clouds,53.06,28,90,3.0
253,Vallenar,CL,2021-10-25 00:50:59,-28.5708,-70.7581,clear sky,69.12,41,0,4.03
254,Tianpeng,CN,2021-10-25 00:51:00,30.9866,103.9393,overcast clouds,61.63,81,100,1.23
255,Chaohu,CN,2021-10-25 00:51:00,31.6,117.8667,overcast clouds,57.31,71,100,4.74
256,Pashiya,RU,2021-10-25 00:51:00,58.4324,58.2562,overcast clouds,35.62,95,100,10.04
257,San Ramon,US,2021-10-25 00:51:00,37.7799,-121.978,heavy intensity rain,63.09,95,90,1.99
258,San-Pedro,CI,2021-10-25 00:51:01,4.7485,-6.6363,overcast clouds,76.28,89,90,6.11
259,Nouadhibou,MR,2021-10-25 00:51:02,20.931,-17.0347,overcast clouds,71.58,68,100,14.97
260,Bay Roberts,CA,2021-10-25 00:51:02,47.5999,-53.2648,overcast clouds,55.33,86,99,11.99
261,Waipawa,NZ,2021-10-25 00:51:03,-41.4122,175.5153,scattered clouds,61.43,72,48,7.92
262,Coihaique,CL,2021-10-25 00:49:17,-45.5752,-72.0662,moderate rain,46.35,81,90,5.75
263,Belmonte,BR,2021-10-25 00:51:03,-15.8631,-38.8828,broken clouds,77.5,92,66,6.49
264,Kolpashevo,RU,2021-10-25 00:51:04,58.3131,82.9089,light rain,41.13,94,100,8.52
265,Kenner,US,2021-10-25 00:51:04,29.9941,-90.2417,overcast clouds,79.0,69,90,4.0
266,Shagamu,NG,2021-10-25 00:51:04,6.8432,3.6478,scattered clouds,78.58,91,36,3.09
267,Ballina,AU,2021-10-25 00:51:05,-28.8667,153.5667,broken clouds,75.16,72,75,12.66
268,Port Macquarie,AU,2021-10-25 00:51:05,-31.4333,152.9167,few clouds,74.89,54,17,8.28
269,Pevek,RU,2021-10-25 00:46:46,69.7008,170.3133,overcast clouds,8.13,91,100,4.29
270,Port Shepstone,ZA,2021-10-25 00:51:05,-30.7414,30.455,broken clouds,61.88,75,81,6.64
271,Naze,JP,2021-10-25 00:51:06,28.3667,129.4833,broken clouds,65.32,80,62,2.84
272,Arraial Do Cabo,BR,2021-10-25 00:46:24,-22.9661,-42.0278,overcast clouds,71.71,90,100,18.37
273,Itaituba,BR,2021-10-25 00:51:06,-4.2761,-55.9836,light rain,78.67,76,100,2.1
274,Nesbyen,NO,2021-10-25 00:51:07,60.5681,9.1027,overcast clouds,49.64,84,100,5.03
275,Ossora,RU,2021-10-25 00:51:07,59.2353,163.0719,scattered clouds,27.28,89,33,4.52
276,Komsomolskiy,UZ,2021-10-25 00:51:07,40.4272,71.7189,clear sky,40.42,60,0,6.91
277,Dingle,PH,2021-10-25 00:48:07,10.9995,122.6711,overcast clouds,82.47,80,92,1.52
278,Aguimes,ES,2021-10-25 00:51:08,27.9054,-15.4461,scattered clouds,68.63,69,40,10.36
279,Port Elizabeth,ZA,2021-10-25 00:49:16,-33.918,25.5701,clear sky,50.09,93,0,3.44
280,Pulandian,CN,2021-10-25 00:51:08,39.3953,121.9669,broken clouds,59.13,55,70,8.66
281,General Roca,AR,2021-10-25 00:51:09,-39.0333,-67.5833,overcast clouds,70.2,36,100,36.24
282,Merauke,ID,2021-10-25 00:51:09,-8.4667,140.3333,overcast clouds,85.71,67,100,5.48
283,Chalus,IR,2021-10-25 00:51:09,36.655,51.4204,clear sky,53.06,87,0,0.0
284,Progreso,MX,2021-10-25 00:51:10,21.2833,-89.6667,scattered clouds,80.96,84,45,8.48
285,Whitianga,NZ,2021-10-25 00:47:56,-36.8333,175.7,overcast clouds,66.02,97,100,6.2
286,Yauya,PE,2021-10-25 00:51:10,-8.9833,-77.3,light rain,55.35,69,30,4.72
287,Asau,RO,2021-10-25 00:51:11,46.4333,26.4,few clouds,34.72,88,12,2.57
288,Bilma,NE,2021-10-25 00:51:11,18.6853,12.9164,clear sky,81.88,13,0,4.43
289,San Patricio,US,2021-10-25 00:51:11,28.017,-97.5169,clear sky,83.53,78,0,12.08
290,Vostok,RU,2021-10-25 00:48:52,46.4856,135.8833,clear sky,46.45,47,1,3.58
291,Lakes Entrance,AU,2021-10-25 00:51:12,-37.8811,147.981,scattered clouds,60.17,58,34,14.07
292,Surt,LY,2021-10-25 00:51:12,31.2089,16.5887,overcast clouds,75.83,74,98,15.21
293,Saint-Pierre,RE,2021-10-25 00:51:12,-21.3393,55.4781,scattered clouds,71.28,77,40,6.91
294,Nyagan,RU,2021-10-25 00:51:13,62.1406,65.3936,overcast clouds,30.34,76,100,1.77
295,Tambopata,PE,2021-10-25 00:51:13,-12.7333,-69.1833,heavy intensity rain,66.42,90,100,9.57
296,Mafinga,TZ,2021-10-25 00:51:13,-7.25,35.0667,broken clouds,73.17,46,76,3.47
297,Umm Lajj,SA,2021-10-25 00:46:25,25.0213,37.2685,clear sky,76.5,61,0,9.55
298,Bayir,TR,2021-10-25 00:51:14,37.2687,28.2167,clear sky,55.92,80,8,4.85
299,Zhangye,CN,2021-10-25 00:51:14,38.9342,100.4517,overcast clouds,43.12,36,100,6.22
300,Ariquemes,BR,2021-10-25 00:51:14,-9.9133,-63.0408,heavy intensity rain,73.76,93,96,8.05
301,Rio Gallegos,AR,2021-10-25 00:51:15,-51.6226,-69.2181,clear sky,41.05,38,0,17.27
302,Kroya,ID,2021-10-25 00:51:15,-7.6331,109.2461,overcast clouds,80.13,76,100,6.11
303,Kalmunai,LK,2021-10-25 00:51:15,7.4167,81.8167,moderate rain,77.7,84,83,8.79
304,Saint-Philippe,RE,2021-10-25 00:51:16,-21.3585,55.7679,scattered clouds,71.19,83,45,14.52
305,Nador,MA,2021-10-25 00:51:16,35.174,-2.9287,scattered clouds,62.85,88,40,3.44
306,Saldanha,ZA,2021-10-25 00:49:27,-33.0117,17.9442,clear sky,51.85,75,0,12.19
307,Anloga,GH,2021-10-25 00:51:16,5.7947,0.8973,clear sky,79.02,82,0,7.81
308,Ust-Kut,RU,2021-10-25 00:51:17,56.7938,105.7672,overcast clouds,39.15,78,100,11.81
309,Jiangyou,CN,2021-10-25 00:51:17,31.7667,104.7167,overcast clouds,58.86,85,100,1.16
310,Ilulissat,GL,2021-10-25 00:48:41,69.2167,-51.1,overcast clouds,1.36,74,85,6.85
311,Riberalta,BO,2021-10-25 00:51:18,-10.9833,-66.1,heavy intensity rain,70.86,96,100,7.45
312,Verkhnevilyuysk,RU,2021-10-25 00:51:18,63.4453,120.3167,overcast clouds,32.45,96,100,4.41
313,Tautira,PF,2021-10-25 00:51:18,-17.7333,-149.15,overcast clouds,73.42,84,100,16.96
314,Gezing,AT,2021-10-25 00:51:19,47.9178,13.1299,clear sky,45.68,97,0,5.75
315,Canton,CN,2021-10-25 00:50:10,23.1167,113.25,clear sky,69.75,58,5,10.38
316,Ternate,ID,2021-10-25 00:51:19,0.8,127.4,scattered clouds,84.07,69,27,2.82
317,Aykhal,RU,2021-10-25 00:51:19,66.0,111.5,light snow,21.43,96,100,5.26
318,Chimore,BO,2021-10-25 00:51:20,-16.9833,-65.1333,overcast clouds,68.76,85,100,2.51
319,Castries,LC,2021-10-25 00:51:20,13.9957,-61.0061,broken clouds,80.67,75,64,17.69
320,Natal,BR,2021-10-25 00:51:20,-5.795,-35.2094,few clouds,79.45,83,20,8.05
321,Freetown,SL,2021-10-25 00:51:21,8.484,-13.2299,thunderstorm,76.71,83,75,6.91
322,Rimbey,CA,2021-10-25 00:48:12,52.6334,-114.2353,overcast clouds,47.32,60,100,16.49
323,Sisimiut,GL,2021-10-25 00:51:21,66.9395,-53.6735,scattered clouds,17.94,79,28,10.04
324,Linxia,CN,2021-10-25 00:51:21,35.6003,103.2064,overcast clouds,44.96,68,100,2.95
325,Pokhara,NP,2021-10-25 00:51:22,28.2333,83.9833,clear sky,59.76,61,0,6.78
326,Ust-Nera,RU,2021-10-25 00:51:22,64.5667,143.2,light snow,12.99,93,100,6.26
327,Rheinbach,DE,2021-10-25 00:51:23,50.6256,6.9491,clear sky,45.43,89,0,5.99
328,Qaqortoq,GL,2021-10-25 00:51:23,60.7167,-46.0333,clear sky,29.17,50,1,7.49
329,Port Lincoln,AU,2021-10-25 00:51:23,-34.7333,135.8667,clear sky,59.29,63,0,14.63
330,Sakakah,SA,2021-10-25 00:51:24,29.9697,40.2064,clear sky,63.97,33,0,6.78
331,Flin Flon,CA,2021-10-25 00:51:24,54.7682,-101.865,clear sky,37.22,77,5,10.2
332,Manutuke,NZ,2021-10-25 00:51:24,-38.6833,177.9167,overcast clouds,73.98,66,86,5.46
333,Ahipara,NZ,2021-10-25 00:49:08,-35.1667,173.1667,clear sky,66.6,69,9,7.02
334,Ushtobe,KZ,2021-10-25 00:51:25,45.2514,77.9838,clear sky,39.31,60,0,8.16
335,Kidal,ML,2021-10-25 00:47:56,18.4411,1.4078,broken clouds,89.73,22,84,9.98
336,Lodja,CD,2021-10-25 00:46:42,-3.4833,23.4333,light rain,70.0,99,100,1.21
337,Sunrise Manor,US,2021-10-25 00:51:25,36.2111,-115.0731,clear sky,77.99,30,1,13.8
338,Sinegorye,RU,2021-10-25 00:51:26,62.0788,150.477,scattered clouds,12.9,83,25,5.37
339,Macuspana,MX,2021-10-25 00:51:26,17.7667,-92.6,few clouds,84.96,87,16,2.93
340,Taltal,CL,2021-10-25 00:51:27,-25.4,-70.4833,few clouds,60.24,78,22,2.91
341,Havelock,US,2021-10-25 00:51:27,34.8791,-76.9013,clear sky,73.35,90,1,6.91
342,Atambua,ID,2021-10-25 00:49:18,-9.1061,124.8925,overcast clouds,86.04,54,86,2.57
343,La Rioja,ES,2021-10-25 00:51:27,42.25,-2.5,clear sky,40.48,44,0,6.02
344,Leshukonskoye,RU,2021-10-25 00:51:28,64.8989,45.7622,scattered clouds,25.07,91,45,9.37
345,Northam,GB,2021-10-25 00:48:54,51.0333,-4.2167,light rain,57.09,94,22,14.32
346,Kahului,US,2021-10-25 00:47:28,20.8947,-156.47,scattered clouds,84.22,73,40,24.16
347,Conceicao Da Barra,BR,2021-10-25 00:51:28,-18.5933,-39.7322,broken clouds,75.42,92,80,9.1
348,Yulara,AU,2021-10-25 00:51:28,-25.2406,130.9889,clear sky,76.84,25,0,16.11
349,Santa Isabel,BR,2021-10-25 00:51:29,-23.3156,-46.2214,light rain,63.66,97,100,4.23
350,Khvoynaya,RU,2021-10-25 00:51:29,58.9,34.5333,overcast clouds,28.65,83,100,4.92
351,Vesoul,FR,2021-10-25 00:51:29,47.5833,5.8333,clear sky,51.49,88,5,1.52
352,Preobrazheniye,RU,2021-10-25 00:51:30,42.9019,133.9064,clear sky,54.84,54,0,3.89
353,Rebrikha,RU,2021-10-25 00:51:30,53.0733,82.3408,overcast clouds,42.49,63,100,14.27
354,Belyy Yar,RU,2021-10-25 00:51:31,53.6039,91.3903,clear sky,46.29,66,0,6.71
355,Akyab,MM,2021-10-25 00:51:31,20.15,92.9,scattered clouds,76.39,79,25,5.86
356,Nampula,MZ,2021-10-25 00:51:31,-15.1165,39.2666,clear sky,71.55,88,0,13.8
357,Prince Rupert,CA,2021-10-25 00:51:32,54.3161,-130.3201,overcast clouds,56.89,40,100,19.57
358,Kattivakkam,IN,2021-10-25 00:51:32,13.2167,80.3167,overcast clouds,78.89,81,100,6.08
359,Tiarei,PF,2021-10-25 00:51:32,-17.5333,-149.3333,light rain,73.42,86,100,14.58
360,Talnakh,RU,2021-10-25 00:51:33,69.4865,88.3972,snow,27.3,97,100,7.7
361,Moron,AR,2021-10-25 00:51:16,-34.6534,-58.6198,clear sky,69.55,42,0,1.01
362,Antsirabe,MG,2021-10-25 00:51:33,-19.85,47.0333,broken clouds,62.35,79,70,2.8
363,Necochea,AR,2021-10-25 00:48:07,-38.5473,-58.7368,clear sky,62.04,45,0,18.99
364,Fort Saint James,CA,2021-10-25 00:51:34,54.4333,-124.25,overcast clouds,44.6,66,100,5.39
365,Hasaki,JP,2021-10-25 00:47:26,35.7333,140.8333,broken clouds,64.8,50,83,10.49
366,Varzelandia,BR,2021-10-25 00:51:34,-15.7014,-44.0275,overcast clouds,70.95,88,100,2.91
367,Hibbing,US,2021-10-25 00:51:34,47.4272,-92.9377,clear sky,36.86,75,1,5.75
368,Halapitan,PH,2021-10-25 00:51:35,7.9175,125.33,few clouds,83.34,68,24,0.74
369,Impfondo,CG,2021-10-25 00:51:35,1.6381,18.0667,overcast clouds,70.75,88,100,1.36
370,Solwezi,ZM,2021-10-25 00:51:35,-12.1688,26.3894,overcast clouds,67.05,76,100,1.36
371,Lakatoro,VU,2021-10-25 00:48:00,-16.0999,167.4164,few clouds,82.2,74,24,6.87
372,Chokurdakh,RU,2021-10-25 00:46:42,70.6333,147.9167,overcast clouds,-3.82,98,100,2.24
373,Vilhena,BR,2021-10-25 00:51:36,-12.7406,-60.1458,light rain,68.74,97,100,4.47
374,Honningsvag,NO,2021-10-25 00:51:36,70.9821,25.9704,scattered clouds,35.51,69,42,14.18
375,Le Port,RE,2021-10-25 00:51:36,-20.9373,55.2919,scattered clouds,71.6,90,49,9.53
376,Lovington,US,2021-10-25 00:51:37,32.944,-103.3485,clear sky,75.42,30,0,4.14
377,North Bend,US,2021-10-25 00:47:51,43.4065,-124.2243,broken clouds,57.85,80,75,29.93
378,Faanui,PF,2021-10-25 00:50:46,-16.4833,-151.75,moderate rain,75.78,90,100,11.03
379,Mayo,US,2021-10-25 00:50:36,38.8876,-76.5119,clear sky,66.29,86,1,1.99
380,Muros,ES,2021-10-25 00:51:37,42.7762,-9.0603,scattered clouds,58.08,93,46,2.95
381,Bonavista,CA,2021-10-25 00:48:10,48.6499,-53.1147,overcast clouds,55.11,81,100,25.75
382,Cozumel,MX,2021-10-25 00:50:02,20.5083,-86.9458,light rain,82.11,86,72,9.13
383,Benjamin Hill,MX,2021-10-25 00:51:38,30.1667,-111.1,clear sky,74.23,40,0,7.58
384,Svetlogorsk,BY,2021-10-25 00:51:38,52.6333,29.7333,few clouds,30.72,88,17,4.52
385,Kumi,KR,2021-10-25 00:51:39,36.1136,128.336,overcast clouds,51.48,56,96,3.27
386,Leticia,CO,2021-10-25 00:51:39,-4.2153,-69.9406,clear sky,77.05,94,0,4.61
387,Yaan,NG,2021-10-25 00:51:39,7.3833,8.5667,broken clouds,74.84,85,60,2.75
388,Freeport,US,2021-10-25 00:51:15,40.6576,-73.5832,clear sky,59.99,69,1,5.99
389,Samandag,TR,2021-10-25 00:51:40,36.0842,35.9771,clear sky,65.28,76,1,3.85
390,Kutum,SD,2021-10-25 00:51:40,14.2,24.6667,clear sky,73.04,27,7,9.22
391,Kernersville,US,2021-10-25 00:51:40,36.1199,-80.0736,overcast clouds,64.62,82,90,5.75
392,Cairns,AU,2021-10-25 00:51:22,-16.9167,145.7667,clear sky,90.95,62,3,1.01
393,Yamada,JP,2021-10-25 00:51:41,39.4667,141.95,clear sky,61.23,55,3,3.38
394,Lamu,KE,2021-10-25 00:51:41,-2.2717,40.902,broken clouds,79.02,89,84,6.71
395,Chernyshevskiy,RU,2021-10-25 00:51:41,63.0128,112.4714,light snow,32.13,98,100,7.31
396,Newport,GB,2021-10-25 00:49:20,51.5877,-2.9984,broken clouds,56.86,92,70,14.36
397,Portland,US,2021-10-25 00:48:04,45.5234,-122.6762,overcast clouds,56.17,75,92,5.01
398,Areosa,PT,2021-10-25 00:51:42,41.7178,-8.8571,few clouds,62.91,86,18,1.81
399,Yar-Sale,RU,2021-10-25 00:51:42,66.8333,70.8333,few clouds,22.28,80,18,13.22
400,Muhos,FI,2021-10-25 00:51:43,64.808,25.9931,light snow,33.58,98,100,8.05
401,Salalah,OM,2021-10-25 00:51:43,17.0151,54.0924,few clouds,74.52,80,13,3.2
402,Bintulu,MY,2021-10-25 00:51:43,3.1667,113.0333,few clouds,77.41,100,20,5.01
403,El Dorado,US,2021-10-25 00:51:43,38.7666,-120.5177,heavy intensity rain,59.61,99,100,8.01
404,Nagato,JP,2021-10-25 00:51:44,34.3833,131.2,overcast clouds,62.51,64,100,8.46
405,Unity,CA,2021-10-25 00:51:44,52.4501,-109.1682,clear sky,39.25,83,7,17.2
406,Constitucion,CL,2021-10-25 00:51:45,-35.3333,-72.4167,clear sky,54.43,87,0,13.73
407,Olenino,RU,2021-10-25 00:51:45,56.2092,33.4889,scattered clouds,28.62,92,30,4.16
408,Derzhavinsk,KZ,2021-10-25 00:51:45,51.1,66.3167,overcast clouds,43.57,48,100,11.99
409,Bhimunipatnam,IN,2021-10-25 00:51:46,17.8833,83.4333,few clouds,76.51,77,22,4.18
410,Roela,EE,2021-10-25 00:51:46,59.1667,26.5926,overcast clouds,41.22,92,100,11.86
411,Zyryanka,RU,2021-10-25 00:51:46,65.75,150.85,overcast clouds,5.83,70,100,4.74
412,Atlantis,ZA,2021-10-25 00:51:47,-33.5667,18.4834,clear sky,56.34,81,0,8.03
413,Lingao,CN,2021-10-25 00:50:38,19.9103,109.6859,overcast clouds,73.29,76,100,12.77
414,Quatre Cocos,MU,2021-10-25 00:51:47,-20.2078,57.7625,overcast clouds,74.08,75,92,15.39
415,Hudson Bay,CA,2021-10-25 00:51:47,52.85,-102.3842,clear sky,36.01,72,6,6.51
416,Pulsano,IT,2021-10-25 00:51:48,40.3821,17.3564,broken clouds,63.82,73,53,10.0
417,Itarema,BR,2021-10-25 00:51:37,-2.9248,-39.9167,clear sky,79.54,75,3,14.56
418,Yegros,PY,2021-10-25 00:51:48,-26.45,-56.4,clear sky,58.24,69,0,5.01
419,Westport,US,2021-10-25 00:49:54,41.1415,-73.3579,overcast clouds,58.98,77,90,7.0
420,Loiza,PR,2021-10-25 00:51:49,18.4313,-65.8802,scattered clouds,82.4,85,40,0.0
421,Mahibadhoo,MV,2021-10-25 00:51:49,3.7833,72.9667,few clouds,83.07,69,22,13.13
422,Grojec,PL,2021-10-25 00:51:49,51.8625,20.8676,scattered clouds,39.38,78,33,7.92
423,Hue,VN,2021-10-25 00:49:07,16.4667,107.6,mist,69.91,94,75,4.61
424,Aklavik,CA,2021-10-25 00:51:50,68.2191,-135.0107,overcast clouds,20.23,96,100,2.04
425,El Alto,PE,2021-10-25 00:51:50,-4.2714,-81.2147,overcast clouds,63.55,86,100,15.97
426,Biak,ID,2021-10-25 00:51:51,-0.9131,122.8766,scattered clouds,83.86,60,30,2.42
427,Anzio,IT,2021-10-25 00:51:51,41.4853,12.6179,overcast clouds,63.59,70,100,7.61
428,Vila Franca Do Campo,PT,2021-10-25 00:51:51,37.7167,-25.4333,clear sky,63.01,79,1,4.12
429,Vao,NC,2021-10-25 00:48:39,-22.6667,167.4833,few clouds,70.65,69,17,10.07
430,Blytheville,US,2021-10-25 00:51:52,35.9273,-89.919,clear sky,77.99,64,1,13.0
431,Jacqueville,CI,2021-10-25 00:51:52,5.2052,-4.4146,light rain,78.71,86,100,9.42
432,Wawa,NG,2021-10-25 00:51:52,9.9022,4.4192,few clouds,76.93,72,16,2.91
433,Chima,IN,2021-10-25 00:51:53,30.6854,76.0863,clear sky,62.33,73,0,5.14
434,Grand Forks,US,2021-10-25 00:51:53,47.9417,-97.4337,broken clouds,42.73,68,75,9.22
435,Tocopilla,CL,2021-10-25 00:51:53,-22.092,-70.1979,few clouds,60.31,72,11,2.75
436,Barguzin,RU,2021-10-25 00:51:54,53.6167,109.6167,light rain,38.14,95,90,7.23
437,Codrington,AU,2021-10-25 00:51:54,-38.2667,141.9667,broken clouds,55.26,61,58,11.88
438,Sorland,NO,2021-10-25 00:51:54,67.667,12.6934,overcast clouds,46.92,96,100,19.35
439,Olavarria,AR,2021-10-25 00:51:55,-36.8927,-60.3225,clear sky,66.02,48,0,14.99
440,Homer,US,2021-10-25 00:51:55,59.6425,-151.5483,light rain,46.29,80,1,10.36
441,Kushiro,JP,2021-10-25 00:51:55,42.975,144.3747,few clouds,54.55,71,20,1.14
442,Mount Gambier,AU,2021-10-25 00:51:56,-37.8333,140.7667,overcast clouds,55.31,62,90,9.22
443,Kaliua,TZ,2021-10-25 00:51:56,-5.0606,31.7936,overcast clouds,69.71,69,99,3.51
444,Nelson Bay,AU,2021-10-25 00:47:39,-32.7167,152.15,clear sky,75.96,53,0,3.0
445,Kortkeros,RU,2021-10-25 00:51:57,61.8106,51.5806,overcast clouds,28.4,87,100,7.34
446,Milkovo,RU,2021-10-25 00:51:57,54.7167,158.6167,few clouds,34.12,65,21,5.75
447,Monrovia,LR,2021-10-25 00:51:57,6.3005,-10.7969,heavy intensity rain,75.24,94,100,5.64
448,Wanaka,NZ,2021-10-25 00:51:58,-44.7,169.15,overcast clouds,72.1,49,98,5.01
449,Marsh Harbour,BS,2021-10-25 00:49:16,26.5412,-77.0636,overcast clouds,80.46,78,100,13.42
450,Fort Nelson,CA,2021-10-25 00:51:58,58.8053,-122.7002,clear sky,38.79,70,1,2.3
451,Moranbah,AU,2021-10-25 00:51:58,-22.0016,148.0466,overcast clouds,88.43,33,99,7.72
452,Djenne,ML,2021-10-25 00:51:59,13.9061,-4.5533,few clouds,84.29,50,14,8.14
453,Safaga,EG,2021-10-25 00:51:59,26.7292,33.9365,clear sky,69.75,47,0,13.6
454,Rovaniemi,FI,2021-10-25 00:51:59,66.5,25.7167,light snow,27.81,93,90,11.5
455,Tibiri,NE,2021-10-25 00:52:00,13.5627,7.0485,few clouds,83.97,14,24,9.1
456,Balakovo,RU,2021-10-25 00:52:00,52.0278,47.8007,overcast clouds,39.85,80,100,8.95
457,Kawalu,ID,2021-10-25 00:52:00,-7.3817,108.2082,overcast clouds,76.12,88,92,3.87
458,Ippy,CF,2021-10-25 00:52:01,6.2679,21.2247,light rain,69.35,94,100,0.25
459,Contamana,PE,2021-10-25 00:52:01,-7.3333,-75.0167,few clouds,85.17,57,12,5.03
460,Kubachi,RU,2021-10-25 00:52:01,42.086,47.6034,overcast clouds,39.76,76,100,1.66
461,Namibe,AO,2021-10-25 00:52:02,-15.1961,12.1522,clear sky,62.56,86,8,8.28
462,Mount Pleasant,US,2021-10-25 00:52:02,32.7941,-79.8626,clear sky,72.99,89,1,3.0
463,Zhezkazgan,KZ,2021-10-25 00:52:03,47.8043,67.7144,overcast clouds,41.86,50,100,7.61
464,Mamallapuram,IN,2021-10-25 00:52:03,12.6264,80.1722,overcast clouds,78.85,82,100,7.38
465,Horasan,TR,2021-10-25 00:52:03,40.0458,42.1728,few clouds,41.25,50,23,2.57
466,Balikpapan,ID,2021-10-25 00:49:15,-1.2675,116.8289,moderate rain,81.59,94,40,3.44
467,Washougal,US,2021-10-25 00:52:04,45.5826,-122.3534,overcast clouds,56.35,73,90,11.5
468,Rabo De Peixe,PT,2021-10-25 00:52:04,37.8,-25.5833,few clouds,62.11,77,20,6.91
469,Gerash,IR,2021-10-25 00:52:04,27.6652,54.1371,clear sky,60.94,38,0,5.5
470,Aripuana,BR,2021-10-25 00:52:05,-9.1667,-60.6333,moderate rain,76.8,79,23,0.83
471,Saint-Augustin,CA,2021-10-25 00:52:05,51.226,-58.6502,overcast clouds,42.33,72,100,23.38
472,Bundibugyo,UG,2021-10-25 00:52:05,0.7414,30.0417,overcast clouds,66.58,82,85,2.82
473,Muisne,EC,2021-10-25 00:52:06,0.6,-80.0333,light rain,76.1,86,100,7.72
474,Urubamba,PE,2021-10-25 00:52:06,-13.3047,-72.1158,broken clouds,65.3,85,63,6.64
475,Mananjary,MG,2021-10-25 00:52:06,-21.2167,48.3333,light rain,75.49,91,59,10.45
476,Nemuro,JP,2021-10-25 00:52:07,43.3236,145.575,clear sky,55.83,70,0,4.97
477,Vila Velha,BR,2021-10-25 00:49:43,-20.3297,-40.2925,scattered clouds,80.55,78,40,11.5
478,Pinkafeld,AT,2021-10-25 00:52:07,47.3667,16.1167,clear sky,41.7,86,5,6.2
479,Beisfjord,NO,2021-10-25 00:52:08,68.3751,17.5988,light snow,34.97,90,100,7.52
480,Pontianak,ID,2021-10-25 00:52:08,-0.0333,109.3333,few clouds,80.58,83,20,3.44
481,Muchkapskiy,RU,2021-10-25 00:52:09,51.8513,42.4717,few clouds,32.9,75,19,15.39
482,Pringsewu,ID,2021-10-25 00:52:09,-5.3582,104.9744,overcast clouds,80.82,84,96,2.71
483,Port Hardy,CA,2021-10-25 00:49:24,50.6996,-127.4199,broken clouds,51.8,81,75,24.16
484,Umm Kaddadah,SD,2021-10-25 00:52:09,13.6017,26.6876,clear sky,81.84,22,6,18.23
485,Nizhniy Odes,RU,2021-10-25 00:52:10,63.6445,54.856,overcast clouds,26.53,92,100,4.29
486,Rockland,US,2021-10-25 00:52:10,41.1668,-74.0496,overcast clouds,57.72,85,100,3.2
487,Bolkhov,RU,2021-10-25 00:52:10,53.4433,36.0044,clear sky,28.72,94,8,7.81
488,Broken Hill,AU,2021-10-25 00:52:11,-31.95,141.4333,clear sky,60.51,33,0,10.36
489,Babushkin,RU,2021-10-25 00:52:11,51.7122,105.8647,light rain,43.12,65,97,5.86
490,Maneadero,MX,2021-10-25 00:52:11,31.7167,-116.5667,clear sky,64.09,78,4,1.01
491,Lloydminster,CA,2021-10-25 00:52:12,53.2835,-110.0016,scattered clouds,47.88,81,40,24.16
492,Abha,SA,2021-10-25 00:52:01,18.2164,42.5053,clear sky,55.22,67,0,0.0
493,Prainha,BR,2021-10-25 00:52:12,-1.8,-53.48,clear sky,78.94,71,7,3.38
494,Port-Gentil,GA,2021-10-25 00:52:12,-0.7193,8.7815,light rain,78.4,86,100,9.44
495,El Carmen,CO,2021-10-25 00:52:13,8.5106,-73.4478,overcast clouds,68.09,98,86,3.31
496,Liku,ID,2021-10-25 00:52:13,-0.7275,119.8922,moderate rain,83.08,73,100,1.88
497,Waddan,LY,2021-10-25 00:52:13,29.1614,16.139,scattered clouds,72.32,47,31,11.86
498,Kabo,CF,2021-10-25 00:52:14,7.6994,18.629,overcast clouds,73.09,92,100,3.47
499,Klyuchi,RU,2021-10-25 00:52:14,52.2667,79.1667,broken clouds,41.88,63,70,11.3
500,Iqaluit,CA,2021-10-25 00:52:15,63.7506,-68.5145,light snow,29.93,86,90,5.99
501,Kaoma,ZM,2021-10-25 00:52:15,-14.7833,24.8,overcast clouds,68.09,67,100,5.23
502,Praia Da Vitoria,PT,2021-10-25 00:49:56,38.7333,-27.0667,few clouds,64.76,88,20,7.43
503,Bambanglipuro,ID,2021-10-25 00:52:10,-7.95,110.2833,few clouds,82.51,67,14,4.97
504,Gurlan,UZ,2021-10-25 00:52:15,41.8447,60.3919,overcast clouds,35.67,37,86,2.71
505,Tarabuco,BO,2021-10-25 00:52:16,-19.1667,-64.9167,overcast clouds,42.24,73,94,1.59
506,Casper,US,2021-10-25 00:48:03,42.8666,-106.3131,clear sky,49.8,59,1,1.99
507,Doha,QA,2021-10-25 00:52:16,25.2867,51.5333,clear sky,80.58,72,0,2.3
508,Kargasok,RU,2021-10-25 00:52:16,59.0556,80.8572,light rain,39.31,97,100,9.04
509,Henties Bay,NA,2021-10-25 00:52:17,-22.116,14.2845,clear sky,58.86,90,0,5.88
510,Hwange,ZW,2021-10-25 00:52:17,-18.3693,26.5019,broken clouds,75.2,51,55,5.68
511,Lauro Muller,BR,2021-10-25 00:52:17,-28.3928,-49.3967,clear sky,54.54,84,0,3.06
512,Galle,LK,2021-10-25 00:52:18,6.0367,80.217,light rain,78.82,84,96,6.85
513,Morgantown,US,2021-10-25 00:51:43,39.6295,-79.9559,overcast clouds,62.85,83,96,4.83
514,High Level,CA,2021-10-25 00:48:52,58.5169,-117.136,overcast clouds,39.31,100,90,10.36
515,Turinskaya Sloboda,RU,2021-10-25 00:52:18,57.6232,64.3858,few clouds,38.71,83,15,11.05
516,Pijijiapan,MX,2021-10-25 00:52:18,15.7011,-93.23,overcast clouds,77.77,93,95,1.41
517,Tuma,RU,2021-10-25 00:52:19,55.148,40.5537,broken clouds,30.87,80,55,11.1
518,Auki,SB,2021-10-25 00:52:19,-8.7676,160.7034,scattered clouds,84.25,73,38,3.06
519,Senanga,ZM,2021-10-25 00:52:20,-16.1167,23.2667,broken clouds,70.45,70,66,2.24
520,Burayevo,RU,2021-10-25 00:52:20,55.8407,55.4083,broken clouds,36.1,83,74,6.62
521,Te Anau,NZ,2021-10-25 00:49:36,-45.4167,167.7167,heavy intensity rain,63.21,75,100,3.71
522,Saint-Georges,GD,2021-10-25 00:52:20,12.0564,-61.7485,few clouds,80.28,78,20,14.97
523,Srednekolymsk,RU,2021-10-25 00:48:23,67.45,153.6833,overcast clouds,1.44,79,100,2.51
524,Swellendam,ZA,2021-10-25 00:52:21,-34.0226,20.4417,clear sky,46.78,75,0,5.86
525,Mosquera,CO,2021-10-25 00:51:14,4.7059,-74.2302,scattered clouds,57.29,94,40,3.44
526,Mogocha,RU,2021-10-25 00:52:21,53.7333,119.7667,overcast clouds,34.14,75,100,1.92
527,Daru,PG,2021-10-25 00:48:55,-9.0763,143.2092,broken clouds,83.57,76,82,10.49
528,Ferme-Neuve,CA,2021-10-25 00:52:22,46.7001,-75.4493,few clouds,40.78,82,14,2.1
529,Boissevain,CA,2021-10-25 00:52:22,49.2306,-100.0559,overcast clouds,38.64,92,93,9.19
530,Huarmey,PE,2021-10-25 00:52:22,-10.0681,-78.1522,scattered clouds,63.9,83,34,10.89
531,Wanlaweyn,SO,2021-10-25 00:52:22,2.6185,44.8938,scattered clouds,76.75,84,34,10.22
532,Ayan,RU,2021-10-25 00:52:23,56.45,138.1667,broken clouds,41.32,70,57,1.32
533,At-Bashi,KG,2021-10-25 00:52:23,41.1702,75.8106,clear sky,27.54,55,0,5.7
534,Ostrovnoy,RU,2021-10-25 00:52:23,68.0531,39.5131,light rain,34.03,67,99,15.48
535,Kanata,CA,2021-10-25 00:52:22,45.3159,-75.8985,scattered clouds,46.72,79,40,1.99
536,Rimouski,CA,2021-10-25 00:49:23,48.4488,-68.524,overcast clouds,44.78,87,100,14.38
537,Haines Junction,CA,2021-10-25 00:52:24,60.7522,-137.5108,few clouds,35.55,69,19,1.14
538,Harindanga,IN,2021-10-25 00:52:24,22.0383,88.3214,clear sky,76.98,84,8,2.89
539,Pacifica,US,2021-10-25 00:52:25,37.6138,-122.4869,mist,63.59,95,90,3.0
540,Lorengau,PG,2021-10-25 00:52:25,-2.0226,147.2712,scattered clouds,83.08,77,34,7.31
541,Oktyabrskiy,RU,2021-10-25 00:52:25,54.4815,53.471,overcast clouds,37.42,80,100,3.53
542,Alekseyevka,RU,2021-10-25 00:52:26,50.6309,38.6903,clear sky,33.76,77,7,11.01
543,Mineros,BO,2021-10-25 00:52:26,-17.1167,-63.2333,overcast clouds,69.39,39,100,3.36
544,Abonnema,NG,2021-10-25 00:52:26,4.7084,6.7931,light rain,77.0,90,100,4.27
545,Luena,AO,2021-10-25 00:48:50,-11.7833,19.9167,heavy intensity rain,60.91,96,100,7.09
546,Ponta Do Sol,PT,2021-10-25 00:49:51,32.6667,-17.1,broken clouds,69.71,67,57,6.87
547,Kroonstad,ZA,2021-10-25 00:52:27,-27.6504,27.2349,clear sky,51.76,76,0,15.19
548,Verkh-Usugli,RU,2021-10-25 00:52:27,52.7,115.1667,broken clouds,33.82,72,56,3.71
549,Nanortalik,GL,2021-10-25 00:47:30,60.1432,-45.2371,overcast clouds,32.83,89,98,7.54
550,Benguela,AO,2021-10-25 00:52:27,-12.5763,13.4055,overcast clouds,74.62,70,100,3.22
551,Torquay,GB,2021-10-25 00:52:28,50.4638,-3.5143,broken clouds,57.85,62,52,1.99
552,Lebedinyy,RU,2021-10-25 00:52:28,58.5167,125.5167,broken clouds,31.26,87,81,12.84
553,Riyadh,SA,2021-10-25 00:52:29,24.6877,46.7219,clear sky,71.74,27,0,3.58
554,Klaksvik,FO,2021-10-25 00:48:13,62.2266,-6.589,broken clouds,50.92,90,78,23.62
555,Novyy Urgal,RU,2021-10-25 00:52:29,51.0736,132.5642,clear sky,37.45,75,10,1.36
556,Bakhchysaray,UA,2021-10-25 00:52:29,44.75,33.8667,clear sky,43.59,74,7,3.38
557,Lagos,NG,2021-10-25 00:47:30,6.5833,3.75,few clouds,79.12,89,23,3.78
558,Rabaul,PG,2021-10-25 00:52:30,-4.1967,152.1721,overcast clouds,82.54,72,96,4.5
559,Russell,US,2021-10-25 00:52:30,32.3502,-85.1999,scattered clouds,69.08,84,40,0.0
560,Kieta,PG,2021-10-25 00:52:30,-6.2167,155.6333,light rain,85.37,65,49,3.71
561,Mount Isa,AU,2021-10-25 00:52:31,-20.7333,139.5,overcast clouds,83.97,48,99,6.91
562,Ryotsu,JP,2021-10-25 00:52:31,38.0833,138.4333,overcast clouds,55.36,59,100,5.73
563,Gladstone,AU,2021-10-25 00:52:32,-23.85,151.25,overcast clouds,90.79,62,100,10.36
564,Monticello,US,2021-10-25 00:52:32,45.3055,-93.7941,broken clouds,47.84,68,75,9.22
565,Oksfjord,NO,2021-10-25 00:52:32,70.2396,22.3479,overcast clouds,27.52,87,100,13.13
566,San Joaquin,US,2021-10-25 00:52:32,37.9333,-121.3011,heavy intensity rain,65.35,88,90,26.46
567,Tura,IN,2021-10-25 00:52:33,25.5198,90.2201,clear sky,68.25,89,0,2.37
568,Soyo,AO,2021-10-25 00:52:33,-6.1349,12.3689,overcast clouds,76.96,83,95,8.66
569,Camopi,GF,2021-10-25 00:52:34,3.1655,-52.3158,overcast clouds,73.92,99,100,2.26
570,Aloleng,PH,2021-10-25 00:52:34,16.1307,119.7824,overcast clouds,82.35,74,100,6.31
571,Terrak,NO,2021-10-25 00:52:34,65.087,12.3715,overcast clouds,48.07,97,100,7.85
572,Port Blair,IN,2021-10-25 00:52:35,11.6667,92.75,overcast clouds,81.18,78,100,5.95
573,Kasongo-Lunda,CD,2021-10-25 00:52:03,-6.4667,16.8167,few clouds,70.16,95,15,0.85
574,Pemba,MZ,2021-10-25 00:51:25,-12.974,40.5178,light rain,78.35,85,7,8.39
575,Basoko,CD,2021-10-25 00:52:35,1.2391,23.616,overcast clouds,70.02,96,100,1.28
576,Krasnyy Tkach,RU,2021-10-25 00:52:36,55.4721,39.0802,overcast clouds,28.15,78,96,9.78
577,Cerrito,CO,2021-10-25 00:52:36,6.8432,-72.694,overcast clouds,52.99,91,94,6.2
578,Ingham,US,2021-10-25 00:52:36,42.6,-84.3833,moderate rain,46.65,93,90,4.61
579,Kashan,IR,2021-10-25 00:52:37,33.9831,51.4364,clear sky,58.26,29,0,0.69
580,Penzance,GB,2021-10-25 00:52:37,50.1186,-5.5371,scattered clouds,54.77,86,27,17.02
581,Ixtapa,MX,2021-10-25 00:52:38,20.7,-105.2,overcast clouds,78.04,93,100,1.92
582,Padang,ID,2021-10-25 00:52:38,-0.9492,100.3543,overcast clouds,77.05,88,100,3.33
583,Novobiryusinskiy,RU,2021-10-25 00:52:38,56.9578,97.7076,broken clouds,40.46,73,71,11.14
584,Sungairaya,ID,2021-10-25 00:52:39,0.7,108.9,overcast clouds,82.72,76,99,2.28
585,Bull Savanna,JM,2021-10-25 00:52:39,17.8868,-77.5902,broken clouds,77.77,84,83,8.97
586,Lompoc,US,2021-10-25 00:52:39,34.6391,-120.4579,overcast clouds,65.79,88,90,4.61
587,Jiazi,CN,2021-10-25 00:52:40,22.8779,116.067,clear sky,69.93,70,5,10.85
588,Bestobe,KZ,2021-10-25 00:52:40,52.4994,73.0975,overcast clouds,44.51,47,100,18.1
589,Ojinaga,MX,2021-10-25 00:52:40,29.5667,-104.4167,clear sky,83.35,26,1,3.44
590,Baruun-Urt,MN,2021-10-25 00:49:03,46.6806,113.2792,clear sky,39.13,37,6,4.05
591,Kysyl-Syr,RU,2021-10-25 00:52:41,63.8986,122.7617,overcast clouds,31.28,97,100,2.89
592,Horki,BY,2021-10-25 00:52:41,54.2861,30.9842,scattered clouds,28.63,88,29,3.78
593,Javanrud,IR,2021-10-25 00:52:42,34.7961,46.5172,clear sky,45.59,41,0,0.56
594,Mumford,GH,2021-10-25 00:52:42,5.2618,-0.759,overcast clouds,77.59,88,100,6.44
595,Evensk,RU,2021-10-25 00:52:42,61.95,159.2333,overcast clouds,12.0,72,100,2.62
596,Kristiinankaupunki,FI,2021-10-25 00:52:43,62.2743,21.376,overcast clouds,47.08,93,100,19.82
597,Walla Walla,US,2021-10-25 00:49:33,46.0646,-118.343,broken clouds,65.17,65,75,10.0
598,Celestun,MX,2021-10-25 00:52:43,20.8667,-90.4,scattered clouds,80.64,85,28,6.98
599,Ratnagiri,IN,2021-10-25 00:52:43,16.9833,73.3,scattered clouds,73.69,86,28,7.7
600,Lensk,RU,2021-10-25 00:52:44,60.7253,114.9278,light rain,36.14,97,100,9.53
601,Jalu,LY,2021-10-25 00:52:44,29.0331,21.5482,few clouds,71.51,35,23,13.09
602,Maumere,ID,2021-10-25 00:52:44,-8.6199,122.2111,overcast clouds,84.45,70,90,1.81
603,Puerto Escondido,MX,2021-10-25 00:48:57,15.85,-97.0667,overcast clouds,79.72,86,93,4.68
604,Muheza,TZ,2021-10-25 00:52:45,-5.1667,38.7833,broken clouds,69.44,92,71,1.19
605,Khanpur,PK,2021-10-25 00:52:45,28.6453,70.6567,clear sky,68.13,55,0,15.03
606,Ugoofaaru,MV,2021-10-25 00:52:46,5.6667,73.0,overcast clouds,82.31,75,100,11.68
607,Teya,RU,2021-10-25 00:52:46,60.3778,92.6267,overcast clouds,34.07,80,95,10.31
608,Half Moon Bay,US,2021-10-25 00:52:46,37.4636,-122.4286,heavy intensity rain,64.31,94,90,9.22
609,Ampanihy,MG,2021-10-25 00:50:17,-24.7,44.75,scattered clouds,67.6,97,39,6.08
610,Calama,CL,2021-10-25 00:50:44,-22.4667,-68.9333,clear sky,51.44,14,0,2.33
611,Carbonia,IT,2021-10-25 00:52:47,39.1672,8.5222,overcast clouds,61.75,82,100,5.14
612,Monywa,MM,2021-10-25 00:52:47,22.1167,95.1333,few clouds,75.65,88,14,3.09
613,Baykit,RU,2021-10-25 00:52:48,61.67,96.37,light rain,35.42,90,100,8.61
614,Xiaoshi,CN,2021-10-25 00:52:48,41.2971,124.1209,broken clouds,54.25,71,61,6.13
615,Katsuura,JP,2021-10-25 00:52:48,35.1333,140.3,scattered clouds,64.18,55,39,12.15
616,Katangli,RU,2021-10-25 00:52:49,51.7102,143.2326,scattered clouds,44.02,73,27,10.47
617,Rosarito,MX,2021-10-25 00:52:49,32.3333,-117.0333,clear sky,69.4,76,2,7.29
618,Karratha,AU,2021-10-25 00:50:22,-20.7377,116.8463,clear sky,88.29,25,0,10.02
619,Hirara,JP,2021-10-25 00:52:11,24.8,125.2833,broken clouds,78.66,69,75,11.5
620,Jawhar,SO,2021-10-25 00:52:50,2.7809,45.5005,scattered clouds,76.28,84,35,7.23
621,Pangai,TO,2021-10-25 00:52:50,-19.8,-174.35,few clouds,80.71,50,20,17.27
622,Sembakung,ID,2021-10-25 00:52:50,3.8167,117.25,overcast clouds,80.53,82,100,1.54
623,Murgab,TM,2021-10-25 00:52:51,37.4966,61.9714,scattered clouds,44.47,65,33,0.0
624,Pasir Gudang,MY,2021-10-25 00:52:51,1.4584,103.8805,broken clouds,84.96,75,75,1.14
625,Kiama,AU,2021-10-25 00:52:51,-34.6833,150.8667,clear sky,70.38,47,4,9.44
626,Soto,AR,2021-10-25 00:52:51,-32.8107,-61.4026,clear sky,69.12,25,0,4.47
627,Leh,IN,2021-10-25 00:52:52,34.1667,77.5833,broken clouds,26.96,87,76,4.03
628,Buckingham,GB,2021-10-25 00:52:52,51.9997,-0.9878,few clouds,54.25,94,16,3.0
629,Jiaozuo,CN,2021-10-25 00:52:52,35.2397,113.2331,overcast clouds,59.61,55,100,4.07
630,Qom,IR,2021-10-25 00:52:53,34.6401,50.8764,clear sky,57.34,29,0,3.53
631,Chibombo,ZM,2021-10-25 00:52:53,-14.6569,28.0706,overcast clouds,78.78,33,100,7.56
632,Gimli,CA,2021-10-25 00:52:53,50.6336,-96.9907,few clouds,42.82,65,17,8.05
633,The Pas,CA,2021-10-25 00:52:54,53.8251,-101.2541,overcast clouds,39.22,75,90,13.8
634,Dogondoutchi,NE,2021-10-25 00:52:54,13.6393,4.0287,overcast clouds,82.99,53,91,6.13
635,Linqiong,CN,2021-10-25 00:52:54,30.4159,103.4609,overcast clouds,62.78,81,100,0.4
636,Ullapool,GB,2021-10-25 00:52:55,57.8987,-5.1604,scattered clouds,51.35,87,29,11.99
637,Nicoya,CR,2021-10-25 00:52:55,10.1483,-85.452,light rain,74.75,91,100,1.57
638,Winneba,GH,2021-10-25 00:52:55,5.3511,-0.6231,broken clouds,81.07,90,80,6.02
639,Baherden,TM,2021-10-25 00:50:11,38.4362,57.4316,broken clouds,54.64,46,71,1.9
640,Payyannur,IN,2021-10-25 00:52:56,12.1,75.2,overcast clouds,74.77,89,96,4.32
641,Darhan,MN,2021-10-25 00:52:56,49.4867,105.9228,few clouds,36.5,55,17,4.56
642,Kemin,KG,2021-10-25 00:52:56,42.7846,75.6892,clear sky,42.24,44,0,9.55
643,Idritsa,RU,2021-10-25 00:52:57,56.3316,28.8988,overcast clouds,32.59,95,100,5.48
644,Saeby,DK,2021-10-25 00:52:57,57.3319,10.5225,few clouds,42.73,87,22,11.18
645,Marienburg,PL,2021-10-25 00:48:01,54.0359,19.0266,scattered clouds,38.88,84,32,10.56
646,Cross Lanes,US,2021-10-25 00:52:57,38.4204,-81.7907,few clouds,70.18,79,20,3.0
647,Wanning,CN,2021-10-25 00:52:58,18.8003,110.3967,overcast clouds,73.06,81,100,11.36
648,Valparaiso,CL,2021-10-25 00:49:59,-33.0393,-71.6273,clear sky,69.44,45,0,4.61
649,Pacific Grove,US,2021-10-25 00:52:58,36.6177,-121.9166,overcast clouds,67.68,84,90,3.0
650,Fomboni,KM,2021-10-25 00:52:59,-12.28,43.7425,clear sky,80.26,82,10,13.65
651,Ayotzintepec,MX,2021-10-25 00:52:59,17.6667,-96.1333,overcast clouds,77.16,97,92,2.13
652,Hofn,IS,2021-10-25 00:49:23,64.2539,-15.2082,overcast clouds,41.4,82,100,18.25
653,Oeiras Do Para,BR,2021-10-25 00:52:59,-2.0031,-49.8544,clear sky,77.86,79,7,0.85
654,Jaciara,BR,2021-10-25 00:53:00,-15.9653,-54.9683,overcast clouds,69.28,96,100,3.36
655,Atar,MR,2021-10-25 00:53:00,20.5169,-13.0499,broken clouds,83.8,21,59,5.97
656,Yaguajay,CU,2021-10-25 00:53:00,22.3272,-79.2378,light rain,78.44,87,100,6.96
657,Ouahigouya,BF,2021-10-25 00:53:01,13.5828,-2.4216,overcast clouds,82.94,56,90,5.88
658,Hearst,CA,2021-10-25 00:53:01,49.6835,-83.6665,overcast clouds,34.05,95,99,3.38
659,Chara,RU,2021-10-25 00:53:02,56.9064,118.2631,overcast clouds,31.6,62,100,1.48
660,Zabol,AF,2021-10-25 00:53:02,32.25,67.25,clear sky,44.19,21,0,4.79
661,Wajir,KE,2021-10-25 00:53:02,1.7471,40.0573,broken clouds,78.13,72,68,16.2
662,Cucutilla,CO,2021-10-25 00:53:03,7.5394,-72.7724,overcast clouds,67.91,96,91,2.66
663,Okhotsk,RU,2021-10-25 00:53:03,59.3833,143.3,overcast clouds,21.56,70,100,8.46
664,Bratsk,RU,2021-10-25 00:53:03,56.1325,101.6142,overcast clouds,36.09,84,96,15.86
665,Palaikastron,GR,2021-10-25 00:53:04,35.2,26.25,overcast clouds,68.76,76,99,20.29
666,Shagonar,RU,2021-10-25 00:53:04,51.5333,92.8,few clouds,35.89,71,21,2.35
667,Agadez,NE,2021-10-25 00:53:04,19.75,10.25,clear sky,80.22,14,0,7.52
668,Morant Bay,JM,2021-10-25 00:53:05,17.8815,-76.4093,overcast clouds,83.82,84,94,9.51
669,Saint-Joseph,RE,2021-10-25 00:53:05,-21.3667,55.6167,scattered clouds,70.18,82,46,12.5
670,Mataram,ID,2021-10-25 00:53:05,-8.5833,116.1167,overcast clouds,85.01,66,100,5.53
671,Cockburn Town,TC,2021-10-25 00:49:09,21.4612,-71.1419,scattered clouds,80.56,74,40,10.36
672,Sarakhs,IR,2021-10-25 00:53:06,36.5449,61.1577,overcast clouds,51.94,46,100,4.61
673,Luanda,AO,2021-10-25 00:53:06,-8.8368,13.2343,clear sky,73.4,83,0,10.36
674,Tongliao,CN,2021-10-25 00:53:06,43.6125,122.2653,scattered clouds,51.46,47,43,8.86
675,Chapais,CA,2021-10-25 00:53:07,49.7834,-74.8492,few clouds,31.78,81,23,4.07
676,Seinajoki,FI,2021-10-25 00:53:07,62.7945,22.8282,light intensity drizzle,40.98,87,90,3.0
677,Sorrento,IT,2021-10-25 00:53:07,40.626,14.3744,scattered clouds,63.66,54,40,5.01
678,Pemangkat,ID,2021-10-25 00:53:08,1.1667,108.9667,broken clouds,80.92,81,55,3.71
679,Paamiut,GL,2021-10-25 00:48:33,61.994,-49.6678,clear sky,26.73,40,0,10.36
680,Vaitape,PF,2021-10-25 00:51:09,-16.5167,-151.75,moderate rain,75.81,90,100,11.45
681,Lagunas,PE,2021-10-25 00:53:08,-5.2269,-75.6753,light rain,79.92,78,51,3.15
682,Sakaiminato,JP,2021-10-25 00:53:08,35.55,133.2333,broken clouds,53.58,87,75,4.61
683,Port-Cartier,CA,2021-10-25 00:53:09,50.0334,-66.8654,overcast clouds,46.74,74,100,10.71
684,Mingaora,PK,2021-10-25 00:53:09,34.7758,72.3625,few clouds,51.78,69,13,5.32
685,Totma,RU,2021-10-25 00:53:09,59.9747,42.7642,few clouds,25.57,93,19,6.29
686,Contai,IN,2021-10-25 00:53:10,21.7786,87.7536,clear sky,73.56,87,10,5.26
687,Marawi,PH,2021-10-25 00:53:10,7.9986,124.2928,few clouds,73.65,61,16,1.36
688,Cassilandia,BR,2021-10-25 00:53:10,-19.1133,-51.7342,overcast clouds,64.98,90,100,4.34
689,Nizhnevartovsk,RU,2021-10-25 00:53:11,60.9344,76.5531,light snow,32.02,93,90,4.47
690,Santa Rosa,PH,2021-10-25 00:53:11,14.3122,121.1114,overcast clouds,82.38,74,100,9.84
691,Khani,GE,2021-10-25 00:53:11,41.9563,42.9566,overcast clouds,44.17,85,100,1.95
692,Tabora,TZ,2021-10-25 00:53:12,-5.0167,32.8,overcast clouds,72.25,46,100,1.16
693,Chapleau,CA,2021-10-25 00:53:12,47.8405,-83.4034,few clouds,33.89,93,20,3.44
694,El Ocotito,MX,2021-10-25 00:53:12,17.25,-99.5667,overcast clouds,67.33,96,100,2.73
695,Nidzica,PL,2021-10-25 00:53:12,53.3605,20.4275,scattered clouds,31.59,89,35,7.83
696,Kungurtug,RU,2021-10-25 00:53:13,50.5994,97.5228,few clouds,28.71,72,15,1.45
697,Kloulklubed,PW,2021-10-25 00:53:13,7.0419,134.2556,overcast clouds,83.62,72,98,8.5
698,Soe,ID,2021-10-25 00:53:13,-9.8607,124.284,overcast clouds,83.05,45,99,3.62
699,Florianopolis,BR,2021-10-25 00:53:14,-27.6146,-48.5012,clear sky,64.36,61,0,9.22
700,Maceio,BR,2021-10-25 00:51:16,-9.6658,-35.7353,few clouds,78.24,94,20,4.61
701,Krasnyy Oktyabr,RU,2021-10-25 00:53:14,56.1167,38.8833,overcast clouds,31.37,79,100,9.13
702,Hervey Bay,AU,2021-10-25 00:53:14,-25.2986,152.8535,broken clouds,82.51,77,82,6.08
703,Pangnirtung,CA,2021-10-25 00:53:15,66.1451,-65.7125,overcast clouds,21.02,89,100,2.48
704,Gamba,GA,2021-10-25 00:53:15,-2.65,10.0,overcast clouds,76.32,91,100,4.65
705,Coruripe,BR,2021-10-25 00:52:28,-10.1256,-36.1756,broken clouds,77.27,80,58,11.68
706,Omutninsk,RU,2021-10-25 00:53:15,58.67,52.1932,light snow,32.9,97,100,8.99
707,Den Helder,NL,2021-10-25 00:53:16,52.9599,4.7593,overcast clouds,49.98,92,90,9.22
708,Salitral,PE,2021-10-25 00:53:16,-4.8572,-80.6811,overcast clouds,74.26,57,100,14.43
709,Channel-Port Aux Basques,CA,2021-10-25 00:53:16,47.5702,-59.1367,light rain,50.45,91,100,28.54
710,Igunga,TZ,2021-10-25 00:48:55,-4.2833,33.8833,broken clouds,76.17,41,62,6.24
711,Margate,GB,2021-10-25 00:49:00,51.3813,1.3862,overcast clouds,58.3,90,100,1.99
712,Phalaborwa,ZA,2021-10-25 00:51:43,-23.943,31.1411,overcast clouds,65.48,71,85,14.09
713,Krasnoselkup,RU,2021-10-25 00:53:17,65.7,82.4667,overcast clouds,23.2,92,100,20.74
714,Kudahuvadhoo,MV,2021-10-25 00:53:17,2.6708,72.8944,overcast clouds,82.96,71,88,13.65
715,Xining,CN,2021-10-25 00:53:18,36.6167,101.7667,overcast clouds,40.62,71,100,4.36
